epoch,step,loss_q1,loss_q2,loss_pi,q1_val,q2_val,grad_q1,grad_q2,grad_pi,mean_return,mean_length,episodes,buffer_size,elapsed_s
1,3900,,,,,,,,,45.35,6.9,529,4000,0.2
2,7900,,,,,,,,,56.27,8.3,483,8000,0.5
3,11900,43.363003,41.705617,-3.115883,2.8478,3.0331,32.7800,30.4026,0.1698,40.33,6.6,635,12000,1.2
4,15900,23.996546,22.376098,-5.169255,4.8354,4.7659,35.2771,34.7895,0.0357,22.22,4.6,874,16000,1.7
5,19900,,,,,,,,,21.93,4.6,867,20000,1.9
6,23900,8.460076,7.267450,-6.770668,6.1183,6.1120,14.1606,14.1066,0.0141,21.54,4.5,887,24000,2.4
7,27900,6.081483,5.437071,-7.121302,6.5944,6.6054,6.9040,6.8624,0.0046,21.68,4.6,871,28000,2.8
8,31900,5.602074,5.318831,-7.102236,6.8341,6.8313,7.8996,8.2439,0.0015,21.50,4.5,880,32000,3.3
9,35900,5.307867,5.162186,-7.260462,7.1265,7.1167,7.9546,8.0675,0.0006,21.66,4.6,878,36000,3.8
10,39900,,,,,,,,,21.64,4.6,881,40000,4.0
11,43900,5.465998,5.406624,-7.465864,7.4234,7.4136,8.7877,9.7178,0.0001,21.68,4.6,876,44000,4.5
12,47900,5.426787,5.403493,-7.751261,7.7490,7.7416,8.0344,8.7796,0.0003,21.80,4.6,872,48000,5.0
13,51900,5.654119,5.634897,-8.008495,8.0901,8.0812,9.5932,10.0756,0.0007,21.65,4.6,879,52000,5.5
14,55900,5.948216,5.893217,-8.349743,8.4240,8.4149,10.6017,11.4541,0.0012,21.66,4.6,877,56000,6.0
15,59900,,,,,,,,,21.64,4.6,884,60000,6.2
16,63900,6.288844,6.214152,-8.659972,8.7557,8.7513,11.3443,12.7820,0.0018,21.68,4.6,877,64000,6.8
17,67900,6.681848,6.586098,-8.955018,9.1206,9.1149,11.7428,12.4091,0.0030,21.59,4.5,875,68000,7.3
18,71900,7.313611,7.163333,-9.157720,9.2949,9.2929,13.0561,14.1055,0.0061,21.80,4.6,875,72000,7.8
19,75900,7.654210,7.465998,-9.522851,9.6636,9.6585,11.5278,12.6189,0.0212,21.62,4.6,877,76000,8.3
20,79900,,,,,,,,,21.52,4.5,889,80000,8.4
21,83900,8.221494,7.996466,-9.951520,9.9751,9.9736,14.1588,14.5035,1.1395,67.35,9.4,387,84000,9.0
22,87900,9.106183,8.835823,-12.549939,10.6341,10.6302,15.8439,17.3066,2.7352,37.00,6.2,697,88000,9.5
23,91900,10.280959,9.872847,-13.515356,11.0717,11.0702,18.2121,19.5385,0.1799,23.34,4.7,838,92000,10.0
24,95900,11.273960,10.804162,-14.002485,11.5177,11.5120,17.5034,19.8708,0.0326,21.98,4.6,884,96000,10.6
25,99900,,,,,,,,,21.62,4.6,870,100000,10.8
26,103900,12.467830,11.955804,-14.592410,12.0009,11.9997,19.0342,21.3243,0.0132,21.76,4.6,876,104000,11.3
27,107900,13.833605,13.306390,-15.177286,12.8663,12.8669,21.5789,21.9220,0.0027,21.66,4.6,875,108000,11.8
28,111900,15.328754,14.802952,-15.655508,13.4806,13.4758,29.6199,32.0731,0.0089,21.72,4.6,878,112000,12.4
29,115900,17.033557,16.487659,-15.979489,13.9119,13.9106,34.2915,37.7754,0.0225,21.67,4.6,877,116000,13.0
30,119900,,,,,,,,,21.65,4.6,875,120000,13.2
31,123900,18.326163,17.794053,-16.350763,14.3105,14.3024,24.9475,29.7843,0.0632,21.83,4.6,879,124000,13.7
32,127900,19.717922,19.188988,-16.764996,14.7928,14.7904,29.8616,31.3703,0.2888,22.46,4.6,864,128000,14.3
33,131900,20.669242,20.125165,-17.581032,15.1632,15.1658,33.3212,36.5623,2.6698,32.99,5.8,649,132000,14.8
34,135900,22.321083,21.704694,-19.285643,15.7836,15.7751,34.6802,33.9790,1.8546,68.18,9.5,391,136000,15.3
35,139900,,,,,,,,,114.05,14.4,269,140000,15.5
36,143900,23.915370,23.271758,-20.427276,16.5635,16.5692,40.1440,41.0610,0.1319,122.85,15.4,268,144000,16.0
37,147900,26.159696,25.563838,-21.433946,17.4056,17.3998,30.3659,34.2819,0.1036,119.39,15.0,269,148000,16.5
38,151900,28.578370,27.885342,-22.366384,18.3831,18.3744,51.6750,52.9086,0.1015,122.67,15.4,246,152000,17.0
39,155900,31.471377,30.736947,-23.419553,19.4642,19.4633,53.0018,50.9389,0.0813,134.28,16.6,240,156000,17.5
40,159900,,,,,,,,,129.58,16.1,258,160000,17.7
41,163900,33.640237,32.948566,-24.201684,20.3354,20.3342,48.1935,51.9012,0.0822,120.82,15.2,264,164000,18.2
42,167900,36.798754,36.106201,-25.161084,21.0059,21.0015,60.1476,64.1282,0.1209,120.65,15.1,263,168000,18.7
43,171900,37.740422,37.099237,-26.173051,21.9092,21.9082,48.1158,53.3149,0.1375,130.38,16.2,242,172000,19.2
44,175900,40.184750,39.580479,-27.226369,22.6930,22.6875,47.4650,51.7163,0.1230,124.21,15.5,257,176000,19.7
45,179900,,,,,,,,,119.91,15.1,274,180000,19.9
46,183900,41.560946,41.074971,-28.288061,23.5442,23.5490,55.3620,62.9743,0.0878,120.02,15.1,265,184000,20.4
47,187900,43.975836,43.561117,-29.114241,24.3740,24.3722,63.3338,65.5112,0.1161,122.77,15.4,259,188000,21.0
48,191900,46.356818,45.939650,-29.891630,25.0833,25.0670,72.1605,76.7161,0.1380,114.74,14.5,273,192000,21.5
49,195900,47.892257,47.601475,-30.934797,25.9839,25.9852,51.7043,58.4906,0.1626,115.70,14.6,272,196000,22.0
50,199900,,,,,,,,,115.89,14.6,285,200000,22.1
51,203900,51.298106,51.052700,-31.747053,26.8092,26.7967,59.5879,64.3102,0.1311,112.37,14.3,266,204000,22.7
52,207900,53.682589,53.521304,-32.790182,27.5369,27.5357,68.8630,75.0599,0.1359,117.33,14.8,285,208000,23.2
53,211900,55.680589,55.754552,-33.688669,28.4217,28.4080,81.1863,87.3325,0.2028,114.96,14.5,275,212000,23.7
54,215900,58.184021,58.324986,-34.608951,29.2494,29.2474,77.7571,85.9126,0.1784,112.98,14.3,272,216000,24.3
55,219900,,,,,,,,,116.00,14.6,270,220000,24.4
56,223900,61.796138,62.069180,-35.299409,29.9094,29.8981,79.2354,82.0303,0.1654,115.48,14.6,277,224000,24.9
57,227900,64.578053,64.874947,-36.188648,30.7262,30.7172,83.3503,90.8130,0.1269,116.24,14.7,276,228000,25.4
58,231900,65.162003,65.642570,-37.124600,31.4860,31.4775,90.1236,96.8201,0.1513,117.61,14.8,270,232000,26.0
59,235900,68.539349,69.097153,-37.993811,32.4024,32.3889,95.8192,99.9109,0.1422,116.55,14.7,267,236000,26.6
60,239900,,,,,,,,,117.68,14.8,277,240000,26.7
61,243900,71.578897,72.227645,-38.902391,33.2891,33.2853,93.0335,98.8760,0.1344,114.36,14.5,279,244000,27.3
62,247900,73.863276,75.032241,-39.695652,33.9604,33.9410,95.8596,106.1352,0.1537,116.74,14.7,264,248000,27.8
63,251900,76.711924,77.822516,-40.619757,34.6964,34.6909,114.1471,122.7958,0.1823,117.15,14.8,278,252000,28.3
64,255900,80.702102,81.973719,-41.333689,35.4578,35.4443,140.6501,146.8889,0.2700,121.93,15.3,256,256000,28.8
65,259900,,,,,,,,,125.11,15.6,262,260000,29.0
66,263900,81.996691,83.618784,-42.092772,36.1987,36.1761,106.4190,116.4579,0.2628,120.40,15.1,259,264000,29.5
67,267900,87.102140,88.911516,-42.797981,36.9838,36.9649,127.8908,136.4488,0.3859,120.78,15.1,269,268000,30.1
68,271900,89.527563,91.519131,-43.589469,37.6639,37.6519,124.0166,130.5454,0.3041,119.43,15.0,265,272000,30.7
69,275900,92.066930,94.201780,-44.433925,38.5214,38.5009,122.3038,130.3665,0.3667,117.40,14.8,266,276000,31.3
70,279900,,,,,,,,,121.77,15.3,267,280000,31.5
71,283900,93.346257,95.638297,-45.167031,39.3223,39.3051,125.2400,132.8062,0.2728,118.23,14.9,266,284000,32.1
72,287900,96.418284,98.719391,-46.173101,40.1709,40.1563,120.9025,128.2537,0.2467,119.18,15.0,269,288000,32.7
73,291900,101.592652,104.152759,-46.635360,40.6951,40.6715,128.3498,140.8406,0.3910,119.45,15.0,263,292000,33.3
74,295900,103.263144,105.549197,-47.510451,41.6048,41.5921,123.8096,134.3861,0.2585,122.38,15.3,260,296000,33.9
75,299900,,,,,,,,,122.95,15.4,250,300000,34.1
76,303900,104.647750,107.250558,-48.337237,42.4267,42.4057,153.8156,169.7083,0.4712,122.45,15.3,273,304000,34.7
77,307900,111.114092,113.940123,-48.838418,42.8152,42.7926,151.8485,161.8718,0.5116,122.09,15.3,255,308000,35.3
78,311900,113.308416,116.050310,-49.628140,43.7311,43.7085,141.0290,153.5794,0.4014,128.69,16.0,261,312000,35.9
79,315900,116.408456,119.161083,-50.516055,44.3301,44.3113,167.2562,179.8743,0.5022,128.76,16.0,240,316000,36.5
80,319900,,,,,,,,,127.51,15.9,249,320000,36.7
81,323900,119.890837,122.887513,-51.000409,45.0952,45.0803,155.2256,167.8579,0.4140,127.08,15.9,258,324000,37.3
82,327900,124.660187,127.972923,-51.652362,45.6563,45.6433,188.8183,205.2087,0.3886,129.36,16.1,244,328000,37.9
83,331900,126.565856,129.738588,-52.421480,46.5783,46.5680,172.4343,190.1574,0.6501,130.84,16.3,249,332000,38.5
84,335900,129.377917,132.871950,-52.933707,47.0638,47.0391,157.6585,172.1605,0.4421,126.54,15.8,253,336000,39.1
85,339900,,,,,,,,,124.95,15.6,259,340000,39.3
86,343900,133.302439,136.447259,-53.806805,47.8504,47.8351,183.2529,196.2845,0.5932,128.17,16.0,240,344000,39.9
87,347900,136.804716,140.567806,-54.308602,48.3786,48.3565,187.5399,206.4137,0.4518,130.25,16.2,254,348000,40.5
88,351900,141.625612,145.107945,-54.950708,48.9980,48.9773,195.9623,214.1734,0.5202,122.66,15.4,267,352000,41.1
89,355900,141.686125,145.454756,-55.422783,49.5142,49.5070,207.4733,228.9957,0.5189,127.68,15.9,244,356000,41.7
90,359900,,,,,,,,,127.82,15.9,251,360000,41.9
91,363900,147.054614,150.772015,-56.409637,50.4254,50.4040,212.3833,232.1962,0.6044,128.81,16.0,249,364000,42.5
92,367900,149.812128,153.799460,-57.009252,51.0708,51.0594,235.8964,255.8674,0.6058,129.58,16.1,246,368000,43.1
93,371900,155.920578,160.198511,-57.519834,51.6891,51.6730,243.4809,270.7706,0.6904,135.44,16.8,239,372000,43.7
94,375900,154.942024,158.983269,-57.842415,52.1538,52.1439,218.7180,254.0364,0.7650,131.47,16.3,242,376000,44.2
95,379900,,,,,,,,,137.32,17.0,237,380000,44.4
96,383900,158.106302,162.440199,-58.586134,52.8833,52.8684,204.4599,235.4182,0.5556,130.66,16.2,249,384000,44.9
97,387900,164.340465,168.470922,-59.186350,53.3197,53.3105,228.8817,249.0390,0.4400,134.11,16.6,239,388000,45.5
98,391900,164.018185,168.235129,-60.084358,54.2604,54.2389,266.7563,286.3392,0.7290,133.19,16.5,242,392000,46.1
99,395900,168.648153,173.527536,-60.528125,54.6506,54.6386,233.0984,255.3929,0.8976,132.12,16.4,241,396000,46.7
100,399900,,,,,,,,,134.61,16.7,250,400000,46.9
101,403900,170.671432,175.545908,-60.931236,55.2405,55.2116,290.0666,323.3133,0.8234,129.20,16.1,244,404000,47.6
102,407900,177.232903,182.278795,-61.328034,55.7735,55.7681,309.1257,340.3908,0.8044,133.78,16.6,248,408000,48.2
103,411900,174.029453,178.778679,-62.392868,56.4857,56.4739,270.8881,293.7873,0.7252,125.90,15.7,249,412000,48.8
104,415900,183.500558,188.349053,-62.616735,56.8443,56.8418,300.2967,324.2722,0.8919,127.35,15.9,247,416000,49.4
105,419900,,,,,,,,,135.06,16.7,245,420000,49.6
106,423900,186.660258,191.809312,-63.500811,57.6331,57.6104,296.6462,323.4146,1.1541,137.19,17.0,235,424000,50.2
107,427900,186.240253,191.322448,-63.960668,58.2579,58.2520,302.4864,325.6503,0.7960,138.69,17.1,229,428000,50.8
108,431900,188.296445,194.214716,-64.244925,58.5374,58.5173,260.0742,295.1743,0.9797,132.15,16.4,251,432000,51.4
109,435900,190.844176,195.996502,-65.053656,59.2675,59.2641,330.4894,353.5932,0.9015,136.73,16.9,231,436000,52.0
110,439900,,,,,,,,,133.17,16.5,243,440000,52.2
111,443900,191.482726,196.853542,-65.401307,59.8577,59.8371,306.2516,335.3331,0.6788,136.50,16.9,233,444000,52.8
112,447900,195.532762,200.771020,-66.132780,60.2613,60.2481,310.3031,331.0108,0.7742,134.10,16.6,239,448000,53.4
113,451900,202.264137,208.275662,-66.534334,60.8160,60.8035,322.9555,354.9761,0.8151,139.33,17.2,235,452000,54.0
114,455900,204.401150,209.935950,-66.853221,61.2602,61.2586,345.5794,379.0382,0.9386,135.38,16.7,244,456000,54.6
115,459900,,,,,,,,,138.58,17.1,236,460000,54.8
116,463900,206.306762,212.180865,-67.340947,61.7444,61.7305,383.9378,417.5614,1.2388,135.33,16.7,232,464000,55.4
117,467900,208.348685,214.560094,-68.125843,62.4615,62.4481,354.7210,396.5079,0.6087,133.88,16.6,245,468000,56.0
118,471900,208.629129,214.623263,-68.507861,62.8507,62.8388,348.0386,383.0122,1.0243,138.58,17.1,235,472000,56.6
119,475900,217.096188,223.917867,-68.899979,63.1663,63.1495,364.7749,403.5043,1.3990,132.27,16.4,241,476000,57.2
120,479900,,,,,,,,,135.24,16.7,244,480000,57.4
121,483900,215.082407,221.294889,-69.098923,63.6621,63.6551,348.3295,385.5374,0.7546,141.06,17.3,217,484000,58.0
122,487900,218.123607,224.911848,-69.803958,64.4204,64.4229,387.4008,432.2988,1.0527,141.82,17.4,242,488000,58.6
123,491900,218.468577,225.322657,-70.100868,64.5786,64.5538,412.6985,454.6478,1.0569,137.30,16.9,232,492000,59.1
124,495900,222.231770,229.495869,-70.635512,65.2269,65.2171,404.0645,443.4447,1.3245,142.62,17.5,231,496000,59.8
125,499900,,,,,,,,,141.64,17.4,219,500000,60.0
126,503900,227.195704,234.300244,-70.954644,65.4123,65.4128,435.8893,476.6798,1.0594,144.23,17.7,237,504000,60.6
127,507900,225.108720,232.469447,-71.533369,66.1090,66.0972,401.7794,436.3828,0.9070,136.52,16.9,245,508000,61.1
128,511900,228.740677,236.032141,-71.988826,66.7358,66.7211,438.6370,481.5865,0.9976,135.72,16.8,228,512000,61.7
129,515900,230.087799,237.601559,-72.278737,66.8304,66.8169,434.1923,470.3817,0.6564,142.15,17.5,221,516000,62.3
130,519900,,,,,,,,,143.46,17.6,232,520000,62.5
131,523900,233.961773,241.882451,-72.878362,67.4750,67.4727,379.1850,419.3639,1.1627,141.06,17.3,229,524000,63.1
132,527900,231.353421,239.115339,-73.244118,67.8232,67.8147,433.2245,492.8138,1.1563,146.80,18.0,228,528000,63.7
133,531900,239.931540,248.334281,-73.537635,68.2869,68.2663,414.7071,453.4465,0.9808,142.70,17.5,224,532000,64.3
134,535900,239.310413,248.023412,-73.975972,68.7967,68.7922,531.3107,606.3498,1.4992,146.28,17.9,224,536000,64.9
135,539900,,,,,,,,,144.66,17.7,225,540000,65.1
136,543900,238.931532,247.085231,-74.511634,69.3122,69.2988,457.9320,506.7183,1.3397,138.01,17.0,233,544000,65.7
137,547900,243.693391,252.432542,-74.372975,69.5062,69.5027,495.3578,538.9034,1.7492,143.39,17.6,226,548000,66.3
138,551900,242.505031,251.592189,-75.417849,70.1349,70.1095,463.3447,516.0929,0.9955,152.92,18.6,216,552000,66.9
139,555900,247.988647,257.611671,-75.642957,70.3326,70.3162,429.3116,467.6298,0.7925,152.66,18.6,216,556000,67.5
140,559900,,,,,,,,,149.06,18.2,219,560000,67.7
141,563900,245.062428,254.731895,-76.273307,70.7390,70.7345,450.5544,504.6362,0.8985,154.68,18.8,209,564000,68.3
142,567900,247.537135,257.286389,-76.918628,71.3037,71.2912,465.5608,514.7999,1.4537,149.99,18.3,218,568000,69.0
143,571900,249.843352,259.815506,-77.053827,71.6330,71.6126,474.9791,516.2802,0.9267,154.65,18.8,218,572000,69.6
144,575900,254.940724,264.912775,-77.281198,72.0301,72.0258,484.2138,534.9302,0.9967,154.16,18.8,211,576000,70.1
145,579900,,,,,,,,,157.98,19.2,215,580000,70.3
146,583900,259.253415,269.683021,-77.757527,72.4642,72.4398,524.1221,566.3936,1.5499,154.19,18.8,203,584000,70.9
147,587900,258.936131,269.725213,-77.838889,72.7334,72.7337,530.1737,578.7133,1.3746,147.88,18.1,229,588000,71.5
148,591900,260.505725,272.023000,-78.264220,73.1886,73.1690,524.8956,583.7287,1.2591,154.72,18.8,214,592000,72.1
149,595900,256.859634,267.903775,-78.567083,73.3701,73.3507,487.2957,532.8767,1.0664,143.38,17.6,212,596000,72.7
150,599900,,,,,,,,,156.72,19.0,225,600000,72.9
151,603900,255.495174,267.161749,-79.182203,74.0397,74.0353,529.9523,570.5823,1.2890,153.52,18.7,209,604000,73.5
152,607900,257.233617,267.852490,-79.396715,74.3544,74.3330,506.3960,582.8622,1.0691,153.52,18.7,215,608000,74.0
153,611900,262.129926,274.175937,-79.800140,74.6044,74.5832,530.9553,580.5481,1.4692,157.11,19.1,206,612000,74.7
154,615900,260.354551,272.955203,-79.887843,74.7474,74.7376,562.6004,608.4100,0.9847,159.56,19.3,210,616000,75.2
155,619900,,,,,,,,,155.47,18.9,212,620000,75.4
156,623900,265.641233,278.887727,-80.526915,75.2609,75.2372,568.9371,612.7644,1.1178,152.44,18.6,220,624000,76.0
157,627900,265.259028,277.030461,-80.527537,75.6210,75.6174,630.0637,684.5493,1.5439,151.24,18.4,207,628000,76.6
158,631900,273.803599,287.632267,-80.857102,75.8465,75.8362,539.9597,602.7287,1.5360,154.79,18.8,213,632000,77.1
159,635900,267.629784,281.010255,-81.225180,76.2766,76.2745,561.1838,621.0015,1.3216,165.44,20.0,201,636000,77.7
160,639900,,,,,,,,,157.54,19.1,212,640000,78.0
161,643900,272.134107,286.683864,-81.511031,76.7681,76.7571,583.4929,655.1699,1.4374,159.40,19.3,200,644000,78.6
162,647900,275.240496,288.307723,-82.068517,77.1865,77.1486,675.4460,738.4395,1.3264,157.35,19.1,210,648000,79.2
163,651900,271.341158,285.027455,-82.335702,77.2199,77.2156,554.3516,593.4603,1.3574,161.11,19.5,204,652000,79.8
164,655900,275.689594,290.176571,-82.717389,77.6561,77.6392,600.6496,669.5395,1.9790,169.26,20.4,189,656000,80.4
165,659900,,,,,,,,,173.06,20.8,198,660000,80.6
166,663900,274.640842,288.945626,-83.057127,78.0976,78.0779,578.0096,628.5688,1.5966,167.82,20.2,198,664000,81.2
167,667900,277.539382,291.768976,-83.391104,78.3029,78.2877,583.0591,643.8285,1.4675,166.08,20.1,204,668000,81.8
168,671900,278.122835,292.522623,-83.557623,78.6215,78.6159,665.1626,737.1924,1.1376,160.89,19.5,194,672000,82.4
169,675900,279.236196,293.104753,-83.912072,79.1583,79.1258,570.8478,635.7115,1.3363,164.51,19.9,208,676000,83.0
170,679900,,,,,,,,,167.83,20.2,197,680000,83.2
171,683900,281.076273,296.026099,-83.784994,78.8463,78.8361,642.9020,692.3155,1.2009,168.99,20.4,200,684000,83.7
172,687900,275.103303,290.310757,-84.726724,80.0290,80.0080,605.6213,668.2656,0.9368,165.32,20.0,197,688000,84.1
173,691900,282.572749,297.396657,-84.860513,79.8606,79.8410,678.4275,745.7036,1.4450,162.55,19.7,201,692000,84.6
174,695900,287.794738,302.473833,-85.154374,80.1932,80.2150,692.5137,741.5932,2.0120,170.98,20.6,199,696000,85.2
175,699900,,,,,,,,,168.82,20.4,202,700000,85.4
176,703900,286.537949,302.325691,-85.367483,80.4464,80.3947,733.8358,778.9591,1.1921,171.42,20.7,187,704000,85.9
177,707900,283.004253,298.283275,-86.004468,80.9738,80.9745,649.1041,707.6056,1.0188,175.79,21.1,189,708000,86.4
178,711900,284.668603,299.504951,-85.828712,80.9230,80.9050,702.3479,763.4888,1.5141,168.44,20.3,188,712000,86.9
179,715900,292.813372,309.122842,-86.076557,81.4118,81.3732,676.2806,752.9986,1.4422,178.22,21.4,193,716000,87.4
180,719900,,,,,,,,,179.78,21.5,187,720000,87.6
181,723900,283.223867,299.852722,-86.590269,81.5862,81.5834,681.2183,771.6489,1.3863,174.47,21.0,186,724000,88.1
182,727900,285.803488,302.022149,-87.203769,82.3691,82.3391,713.3251,757.3479,1.9074,177.76,21.3,196,728000,88.7
183,731900,289.890887,306.218453,-87.400081,82.4942,82.5092,841.8444,925.1803,1.7115,182.12,21.8,178,732000,89.2
184,735900,289.838097,306.006335,-87.666339,82.6386,82.6101,644.7868,723.5599,2.0795,172.20,20.7,195,736000,89.7
185,739900,,,,,,,,,180.77,21.6,186,740000,89.9
186,743900,294.158069,310.057836,-87.508365,82.7462,82.7235,832.3226,895.4731,2.2767,174.63,21.0,191,744000,90.4
187,747900,288.638779,305.981252,-88.273073,83.1234,83.1125,802.9821,882.4829,2.6151,173.95,20.9,190,748000,91.0
188,751900,292.879921,311.991550,-88.669591,83.6463,83.6306,770.6463,832.0649,1.7794,180.05,21.6,179,752000,91.5
189,755900,293.840983,313.128812,-88.784302,83.8337,83.8183,752.8642,806.0942,1.4112,180.33,21.6,187,756000,92.0
190,759900,,,,,,,,,185.00,22.1,185,760000,92.2
191,763900,291.807154,310.567266,-88.632333,83.8203,83.7827,823.7182,901.1696,1.9901,181.66,21.7,182,764000,92.7
192,767900,291.379344,309.634399,-89.240406,84.3102,84.2985,832.6877,933.5322,1.8573,182.97,21.9,183,768000,93.3
193,771900,297.031837,315.232972,-89.661306,84.8749,84.8671,782.9070,834.8656,1.5671,183.75,22.0,188,772000,93.8
194,775900,296.241485,315.048508,-89.931042,85.1790,85.1825,744.0080,816.8970,0.8934,174.14,20.9,189,776000,94.3
195,779900,,,,,,,,,176.05,21.1,189,780000,94.5
196,783900,288.042684,306.626022,-90.049196,85.3073,85.2631,690.6205,753.9405,1.3351,182.52,21.8,178,784000,95.1
197,787900,299.647457,318.703632,-90.706998,85.7848,85.7745,809.6583,861.0112,1.6858,188.32,22.5,175,788000,95.5
198,791900,295.165303,314.246387,-90.690677,85.8272,85.8167,738.5861,813.2940,1.3985,195.59,23.2,176,792000,96.1
199,795900,301.908418,320.385413,-90.896415,86.2024,86.1835,782.3479,839.2849,1.5707,189.00,22.5,179,796000,96.6
200,799900,,,,,,,,,190.22,22.7,178,800000,96.7
201,803900,299.109517,319.105773,-91.207446,86.2572,86.2364,863.9016,930.2485,1.1270,191.72,22.8,169,804000,97.3
202,807900,296.851894,315.541932,-91.801017,86.6591,86.6393,754.4584,832.5075,1.9145,195.25,23.2,176,808000,97.9
203,811900,306.621789,326.823214,-91.715284,86.7375,86.7215,832.1428,905.9825,1.5251,194.01,23.1,164,812000,98.4
204,815900,300.334720,318.872927,-92.010111,87.2388,87.2356,752.3971,853.6728,1.1943,195.96,23.3,178,816000,98.9
205,819900,,,,,,,,,197.44,23.4,169,820000,99.2
206,823900,289.373632,308.767102,-92.407375,87.5266,87.5217,736.1198,792.1039,1.5837,191.26,22.8,178,824000,99.8
207,827900,302.272643,322.606816,-92.766418,87.9105,87.8801,783.0508,869.0068,1.5890,187.94,22.4,177,828000,100.3
208,831900,297.008628,316.845019,-93.214184,88.3451,88.3490,780.1790,849.6588,1.8907,195.71,23.2,164,832000,101.0
209,835900,300.012234,320.341393,-92.894158,88.2570,88.2345,761.1505,828.0105,1.5934,200.45,23.8,180,836000,101.6
210,839900,,,,,,,,,192.07,22.9,172,840000,101.8
211,843900,299.080129,318.582887,-93.334621,88.3705,88.3513,831.0326,902.5020,1.5268,195.59,23.2,168,844000,102.4
212,847900,303.902699,325.097443,-93.636602,88.5693,88.5566,927.2444,1022.4390,1.6313,201.49,23.9,172,848000,102.9
213,851900,304.064216,324.157051,-94.165510,88.9721,88.9493,769.3731,826.1519,1.5336,198.26,23.5,166,852000,103.5
214,855900,307.391091,329.326968,-93.886847,89.1666,89.1694,953.3746,1039.6935,2.1685,203.32,24.1,167,856000,104.1
215,859900,,,,,,,,,199.51,23.7,171,860000,104.3
216,863900,304.325276,324.137242,-95.045242,90.0086,89.9792,898.0025,981.1602,2.8495,208.53,24.6,160,864000,104.9
217,867900,303.469019,323.539991,-94.700125,89.6567,89.6512,812.6275,905.0399,1.3893,211.62,25.0,161,868000,105.5
218,871900,312.202769,334.856562,-94.884167,89.9909,89.9708,880.4609,943.2833,1.6949,213.88,25.2,165,872000,106.1
219,875900,307.486170,328.496907,-95.001691,90.1510,90.1317,830.7421,902.6769,1.6120,204.80,24.2,163,876000,106.7
220,879900,,,,,,,,,207.80,24.6,150,880000,106.9
221,883900,312.533047,334.415114,-95.813596,90.5002,90.4952,855.3984,907.7085,2.0717,208.01,24.6,164,884000,107.5
222,887900,310.839612,331.376409,-96.033457,91.1161,91.0949,819.2702,882.0592,1.8200,219.38,25.8,155,888000,108.1
223,891900,315.067828,338.316959,-95.530640,90.4664,90.4690,835.6725,886.4798,2.9652,220.39,25.9,163,892000,108.6
224,895900,317.145323,340.162770,-96.347702,91.3881,91.3668,858.8140,915.7992,2.6036,208.70,24.7,152,896000,109.2
225,899900,,,,,,,,,220.84,25.9,160,900000,109.4
226,903900,311.410088,331.667803,-96.660461,91.6337,91.6045,951.3574,1042.3703,2.3118,211.85,25.0,163,904000,110.0
227,907900,311.690784,333.700693,-97.187256,91.8706,91.8508,979.4251,1040.7655,1.3991,215.48,25.4,149,908000,110.7
228,911900,317.616152,339.857561,-96.653608,91.7099,91.7338,1118.3346,1183.0240,1.8434,224.92,26.4,162,912000,111.3
229,915900,318.717321,340.787815,-97.185690,92.2624,92.2293,1012.1841,1130.1079,1.3257,215.46,25.4,157,916000,111.9
230,919900,,,,,,,,,222.35,26.1,144,920000,112.1
231,923900,310.043518,331.698771,-97.531143,92.4316,92.4129,1022.1999,1101.1048,2.0779,233.91,27.4,149,924000,112.6
232,927900,311.162687,332.370110,-97.744906,92.9653,92.9566,862.6760,948.2588,1.6849,235.54,27.5,144,928000,113.2
233,931900,310.780040,334.378500,-98.195988,93.2905,93.2776,931.5194,1019.4073,1.6979,229.20,26.9,154,932000,113.8
234,935900,313.911533,336.364962,-98.574662,93.5228,93.5367,1045.8045,1145.9938,1.9603,219.55,25.8,148,936000,114.4
235,939900,,,,,,,,,235.15,27.5,148,940000,114.6
236,943900,316.045098,338.241924,-98.370158,93.3997,93.3542,1066.9313,1116.6329,1.8040,219.45,25.8,150,944000,115.2
237,947900,310.168665,330.640372,-99.340022,94.0743,94.0711,973.8891,1060.1983,1.6335,228.58,26.8,149,948000,115.8
238,951900,319.079127,340.567443,-99.230251,93.9832,93.9694,1134.9123,1179.4831,1.8466,239.63,28.0,139,952000,116.4
239,955900,314.062967,336.156310,-99.430229,94.3570,94.3509,966.1793,1076.0754,2.3513,242.89,28.3,147,956000,117.0
240,959900,,,,,,,,,241.30,28.1,140,960000,117.2
241,963900,318.415741,338.348624,-99.374034,94.2900,94.2784,982.8915,1062.3081,1.3497,250.27,29.1,137,964000,117.8
242,967900,318.190938,340.070663,-99.941010,94.8325,94.8017,1095.2984,1163.9953,2.3547,245.41,28.6,140,968000,118.4
243,971900,326.603249,347.130446,-100.038920,95.2253,95.2377,980.4657,1064.3644,2.6043,248.92,29.0,148,972000,119.0
244,975900,320.974430,341.702337,-100.805345,95.6433,95.6295,1065.1782,1130.8485,2.1588,235.55,27.6,132,976000,119.6
245,979900,,,,,,,,,234.96,27.5,154,980000,119.8
246,983900,324.107335,346.585614,-100.260812,95.5053,95.5005,1132.5240,1228.8432,2.0492,249.29,29.0,135,984000,120.4
247,987900,323.000032,343.200414,-100.909646,95.8566,95.8495,1106.9562,1205.6044,1.6889,245.90,28.7,136,988000,121.0
248,991900,322.911634,346.806070,-101.385306,96.2037,96.1641,1042.2881,1146.7586,2.3458,252.24,29.3,139,992000,121.6
249,995900,313.616410,333.738226,-101.701068,96.5592,96.5587,1065.2546,1174.2556,2.3574,249.19,29.0,140,996000,122.2
250,999900,,,,,,,,,242.32,28.3,139,1000000,122.4
