epoch,step,loss_q,loss_pi,q_val,grad_q,grad_pi_rob,grad_pi_adv,mean_return,mean_length,episodes,dist_episodes,buffer_size,elapsed_s,det_loss,det_dist_loss,det_alpha_loss
1,3900,,,,,,,,,0,0,4000,0.4,,,
2,7900,,,,,,,,,0,0,8000,0.9,,,
3,11900,113.866174,-53.614421,53.4335,254.3546,0.0004,0.0000,,,0,0,12000,3.3,,,
4,15900,250.347390,-136.286504,135.9942,195.4665,0.0066,0.0002,,,0,0,16000,5.9,,,
5,19900,,,,,,,,,0,0,20000,6.5,,,
6,23900,172.313036,-218.367074,217.1296,241.3253,0.0310,0.0037,,,0,0,24000,8.9,,,
7,27900,148.747544,-301.316491,299.2677,417.4949,0.0843,0.0127,,,0,0,28000,11.3,,,
8,31900,134.061371,-380.553782,378.0754,602.9589,0.1117,0.0191,,,0,0,32000,13.6,,,
9,35900,151.135341,-460.234757,457.7196,967.7582,0.0921,0.0247,,,0,0,36000,15.8,,,
10,39900,,,,,,,,,0,0,40000,16.5,,,
11,43900,126.010354,-536.166587,533.7842,1072.5073,0.1133,0.0263,,,0,0,44000,18.7,,,
12,47900,212.047119,-610.082906,608.0830,1801.9977,0.2337,0.0300,,,0,0,48000,21.0,,,
13,51900,132.326079,-679.578704,677.6893,1521.3639,0.2902,0.0329,,,0,0,52000,23.5,,,
14,55900,129.285971,-743.783852,741.9928,1874.0252,0.3205,0.0349,,,0,0,56000,25.8,,,
15,59900,,,,,,,,,0,0,60000,26.6,,,
16,63900,122.832299,-804.158827,802.4305,1953.7480,0.3368,0.0355,,,0,0,64000,28.7,,,
17,67900,129.140162,-862.672011,860.9905,2334.0558,0.3622,0.0367,,,0,0,68000,31.0,,,
18,71900,167.604157,-920.257700,918.6607,2911.0864,0.4335,0.0358,,,0,0,72000,33.1,,,
19,75900,169.403253,-978.972223,977.4349,3203.2314,0.4532,0.0350,,,0,0,76000,35.6,,,
20,79900,,,,,,,,,0,0,80000,36.2,,,
21,83900,199.383264,-1039.454946,1037.9790,3571.7402,0.5020,0.0406,,,0,0,84000,38.6,,,
22,87900,195.419561,-1100.862751,1099.3460,3657.2060,0.5657,0.0470,,,0,0,88000,41.0,,,
23,91900,305.847293,-1163.451571,1161.8494,4745.9104,0.7031,0.0496,,,0,0,92000,43.2,,,
24,95900,383.637420,-1231.203753,1229.5356,6455.8080,0.7302,0.0579,,,0,0,96000,45.4,,,
25,99900,,,,,,,37183.62,1000.0,100,51,100000,46.1,,,
26,103900,2546.951591,-1301.293642,1299.4678,7040.8062,0.7427,0.0665,,,0,0,104000,48.4,0.784532,0.607429,0.088552
27,107900,2625.149456,-1376.982552,1374.8755,6406.9482,0.8780,0.0705,,,0,0,108000,51.1,0.551358,0.445776,0.052791
28,111900,3454.143214,-1456.581520,1454.1712,13259.7800,1.1212,0.0916,,,0,0,112000,53.6,0.322706,0.257075,0.032816
29,115900,3468.973917,-1535.858347,1533.3245,13619.2202,1.2033,0.1057,,,0,0,116000,56.0,0.153843,0.121511,0.016166
30,119900,,,,,,,,,0,0,120000,56.6,,,
31,123900,3561.200443,-1616.128267,1613.3527,10405.3685,1.2512,0.1197,,,0,0,124000,59.1,0.052733,0.039639,0.006547
32,127900,3928.688255,-1695.874255,1692.8179,12858.6471,1.4061,0.1307,,,0,0,128000,61.5,0.019484,0.015404,0.002040
33,131900,3785.075146,-1775.909778,1772.5053,11610.9061,1.4760,0.1471,,,0,0,132000,64.0,0.008843,0.007417,0.000713
34,135900,3863.019430,-1855.885455,1852.1252,11513.0721,1.5117,0.1655,,,0,0,136000,66.4,0.004743,0.004017,0.000363
35,139900,,,,,,,,,0,0,140000,67.0,,,
36,143900,4030.506610,-1933.986562,1929.9268,11594.2491,1.4801,0.1745,,,0,0,144000,69.4,0.003084,0.002635,0.000224
37,147900,4180.820981,-2012.400700,2008.1519,12187.4235,1.5820,0.1822,,,0,0,148000,72.1,0.002615,0.002251,0.000182
38,151900,4106.901646,-2089.288872,2085.0855,13575.1041,1.6187,0.1674,,,0,0,152000,74.6,0.001844,0.001557,0.000143
39,155900,4381.455649,-2166.707317,2162.4891,14397.7838,1.6417,0.1807,,,0,0,156000,77.1,0.001896,0.001631,0.000133
40,159900,,,,,,,,,0,0,160000,77.7,,,
41,163900,4873.239673,-2241.513792,2237.2923,15115.4829,1.9028,0.1966,,,0,0,164000,80.3,0.001131,0.000969,0.000081
42,167900,4501.577105,-2315.168098,2310.9393,16153.6516,1.9586,0.1939,,,0,0,168000,82.9,0.000929,0.000797,0.000066
43,171900,5080.083537,-2387.791588,2383.6106,17667.1807,2.1495,0.1980,,,0,0,172000,85.5,0.000966,0.000769,0.000099
44,175900,5094.799021,-2461.156752,2457.0136,19207.8788,2.1075,0.1938,,,0,0,176000,88.2,0.000686,0.000589,0.000048
45,179900,,,,,,,,,0,0,180000,88.8,,,
46,183900,4857.873388,-2532.816786,2528.6841,19790.2814,2.1271,0.1988,,,0,0,184000,91.5,0.000582,0.000495,0.000043
47,187900,5053.013273,-2604.633675,2600.4936,21558.2343,2.5193,0.2105,,,0,0,188000,94.3,0.000522,0.000448,0.000037
48,191900,5658.365191,-2675.991721,2671.7613,23927.6121,2.5255,0.2209,,,0,0,192000,96.9,0.000455,0.000388,0.000034
49,195900,5302.501368,-2748.070326,2743.9143,23514.2750,2.6272,0.2439,,,0,0,196000,99.5,0.000409,0.000348,0.000030
50,199900,,,,,,,,,0,0,200000,100.2,,,
51,203900,10849.065767,-2814.593011,2810.3142,28912.4191,2.8005,0.2351,64957.49,1001.0,100,58,204000,102.8,0.978929,0.903726,0.037602
52,207900,10891.662195,-2883.976107,2879.8216,28754.5315,2.8806,0.2405,,,0,0,208000,105.5,0.198754,0.166528,0.016113
53,211900,10918.240226,-2959.311508,2955.0282,30241.0552,2.8297,0.2423,,,0,0,212000,108.1,0.094207,0.084072,0.005068
54,215900,11756.898076,-3035.083422,3030.6876,32637.4938,2.7809,0.2552,,,0,0,216000,110.9,0.033181,0.029941,0.001620
55,219900,,,,,,,,,0,0,220000,111.5,,,
56,223900,11187.973614,-3114.621247,3110.2991,33874.4000,2.7638,0.2399,,,0,0,224000,114.4,0.018886,0.016865,0.001010
57,227900,12314.819164,-3190.360399,3185.9513,36794.7012,2.9676,0.2564,,,0,0,228000,116.8,0.008151,0.007314,0.000418
58,231900,12562.493836,-3270.028819,3265.6091,39315.1284,3.0156,0.2576,,,0,0,232000,119.4,0.006188,0.005584,0.000302
59,235900,13225.588558,-3352.015851,3347.6220,45916.9509,2.8878,0.2746,,,0,0,236000,122.0,0.007959,0.007066,0.000446
60,239900,,,,,,,,,0,0,240000,122.6,,,
61,243900,13016.483125,-3433.440158,3429.0561,44668.1813,3.2019,0.2681,,,0,0,244000,125.4,0.003382,0.003107,0.000138
62,247900,13430.132950,-3515.686719,3511.2982,47490.5005,3.1413,0.2715,,,0,0,248000,127.8,0.000531,0.000492,0.000020
63,251900,14053.448201,-3598.767517,3594.3953,55850.8884,3.3926,0.2722,,,0,0,252000,130.3,0.003095,0.002909,0.000093
64,255900,13475.510684,-3685.038190,3680.5759,56112.2449,3.7511,0.2772,,,0,0,256000,133.0,0.005300,0.004884,0.000208
65,259900,,,,,,,,,0,0,260000,133.7,,,
66,263900,15184.826482,-3767.674396,3763.1269,60011.9959,3.5978,0.2865,,,0,0,264000,136.1,0.002610,0.002271,0.000170
67,267900,14283.894449,-3852.656612,3847.9423,63038.9726,3.6383,0.2935,,,0,0,268000,138.6,0.004945,0.004541,0.000202
68,271900,15112.892237,-3939.524025,3934.7501,64903.5453,3.8409,0.3056,,,0,0,272000,141.2,0.000250,0.000224,0.000013
69,275900,15074.181147,-4024.767917,4019.8291,71252.1060,4.2609,0.3240,,,0,0,276000,144.0,0.000229,0.000205,0.000012
70,279900,,,,,,,,,0,0,280000,144.7,,,
71,283900,15894.471322,-4114.973300,4109.9459,74996.0259,4.1018,0.3172,,,0,0,284000,147.3,0.000204,0.000182,0.000011
72,287900,16606.145671,-4198.668999,4193.7117,79116.6347,3.9862,0.3427,,,0,0,288000,149.8,0.000189,0.000165,0.000012
73,291900,15665.251644,-4287.946224,4282.7427,83540.3859,4.2583,0.3307,,,0,0,292000,152.2,0.010547,0.009787,0.000380
74,295900,17100.852958,-4375.371737,4369.9843,91227.4294,4.4286,0.3382,,,0,0,296000,155.0,0.000258,0.000226,0.000016
75,299900,,,,,,,,,0,0,300000,155.6,,,
76,303900,17684.219939,-4462.916205,4457.6174,94323.4428,4.6394,0.3536,125573.68,1001.0,100,50,304000,158.4,0.002602,0.002354,0.000124
77,307900,26271.852372,-4545.507151,4540.2311,99708.5047,4.7685,0.3389,,,0,0,308000,160.9,0.633246,0.585694,0.023776
78,311900,26713.628988,-4633.457494,4628.0777,98889.7483,4.8373,0.3323,,,0,0,312000,163.5,0.186556,0.160068,0.013244
79,315900,28591.181305,-4713.856239,4708.3849,111369.7430,5.3788,0.3523,,,0,0,316000,166.0,0.094858,0.081954,0.006452
80,319900,,,,,,,,,0,0,320000,166.6,,,
81,323900,27471.405664,-4788.836726,4783.1983,114750.4936,5.2858,0.3397,,,0,0,324000,169.2,0.052396,0.046611,0.002892
82,327900,29897.749846,-4867.550275,4861.7803,123892.6608,5.4360,0.3564,,,0,0,328000,171.7,0.043966,0.039299,0.002333
83,331900,28178.676573,-4944.531305,4938.6667,130945.5142,5.4325,0.3437,,,0,0,332000,174.3,0.015123,0.013225,0.000949
84,335900,29652.223317,-5016.215862,5010.2953,128717.9275,4.7511,0.3385,,,0,0,336000,176.8,0.016933,0.015075,0.000929
85,339900,,,,,,,,,0,0,340000,177.5,,,
86,343900,29403.411847,-5089.496219,5083.4347,138266.9634,5.4627,0.3298,,,0,0,344000,179.9,0.016454,0.014764,0.000845
87,347900,30488.971349,-5164.349788,5158.3679,142625.9386,6.1346,0.3493,,,0,0,348000,182.5,0.032078,0.029177,0.001451
88,351900,32107.081460,-5240.054954,5233.9715,138515.4222,5.3784,0.3391,,,0,0,352000,185.1,0.014229,0.012688,0.000771
89,355900,34582.443424,-5309.952364,5303.7668,160918.6404,6.0703,0.3805,,,0,0,356000,187.9,0.000649,0.000500,0.000074
90,359900,,,,,,,,,0,0,360000,188.5,,,
91,363900,35055.065433,-5376.185844,5370.0093,161387.3043,6.2571,0.3697,,,0,0,364000,191.2,0.004700,0.004247,0.000226
92,367900,33987.572658,-5449.402044,5443.2443,166718.4071,6.8686,0.3970,,,0,0,368000,194.0,0.006370,0.005845,0.000262
93,371900,33031.744112,-5516.063336,5509.7401,159154.0128,6.3198,0.4065,,,0,0,372000,196.7,0.002042,0.001772,0.000135
94,375900,34107.782299,-5588.339666,5581.9498,163184.9235,6.5950,0.3884,,,0,0,376000,199.1,0.008472,0.007697,0.000387
95,379900,,,,,,,,,0,0,380000,199.7,,,
96,383900,34339.125429,-5653.963557,5647.6899,173600.6005,6.7865,0.4027,,,0,0,384000,202.2,0.000121,0.000110,0.000005
97,387900,34991.964254,-5721.427479,5714.8631,162850.8266,6.7595,0.4299,,,0,0,388000,204.6,0.003641,0.003383,0.000129
98,391900,36831.518950,-5784.003826,5777.5178,169564.5631,6.7759,0.4409,,,0,0,392000,207.0,0.000106,0.000095,0.000005
99,395900,34272.668335,-5850.088764,5843.6066,174221.0724,6.5618,0.4525,,,0,0,396000,209.4,0.000103,0.000092,0.000006
100,399900,,,,,,,,,0,0,400000,210.0,,,
1,3900,,,,,,,,,,,,0,0,4000,0.4,,,
2,7900,,,,,,,,,,,,0,0,8000,0.9,,,
3,11900,415.667372,418.910231,-27.439738,26.3666,26.4383,1401.3395,1369.9304,0.0581,0.0121,,,0,0,12000,1.6,,,
4,15900,312.038434,303.378137,-47.590557,47.4004,47.4420,567.0207,630.8711,0.0223,0.0104,,,0,0,16000,2.4,,,
5,19900,,,,,,,,,,,,0,0,20000,3.0,,,
6,23900,179.585455,173.348417,-60.508698,60.1079,60.1912,494.3756,488.6933,0.0138,0.0328,,,0,0,24000,3.8,,,
7,27900,124.136432,122.576327,-68.038810,67.5484,67.5973,520.3416,525.2301,0.0148,0.0010,,,0,0,28000,4.6,,,
8,31900,92.681076,92.920521,-75.118026,74.3044,74.3268,585.4427,580.4744,0.0007,0.0296,,,0,0,32000,5.5,,,
9,35900,67.032550,67.898478,-80.810188,80.2747,80.2846,448.4640,431.1871,0.0002,0.1274,,,0,0,36000,6.3,,,
10,39900,,,,,,,,,,,,0,0,40000,7.0,,,
11,43900,56.099780,56.518497,-87.406172,86.4447,86.4639,511.8483,467.2965,0.0001,0.0098,,,0,0,44000,7.8,,,
12,47900,47.291881,48.053843,-92.431908,91.6932,91.6881,506.8595,466.3079,0.0001,0.0648,,,0,0,48000,8.7,,,
13,51900,41.239881,41.937539,-98.588897,97.5433,97.5616,514.9936,482.4002,0.0001,0.0807,,,0,0,52000,9.5,,,
14,55900,38.768568,39.338154,-103.267961,102.4813,102.4818,657.3139,667.2117,0.0001,0.2962,,,0,0,56000,10.4,,,
15,59900,,,,,,,,,,,,0,0,60000,11.1,,,
16,63900,34.554336,35.186007,-108.532459,107.6503,107.6544,655.7496,571.3694,0.0001,0.0825,,,0,0,64000,11.9,,,
17,67900,33.460558,34.114101,-113.129338,112.1449,112.1427,758.3248,728.6331,0.0001,0.1342,,,0,0,68000,12.8,,,
18,71900,31.246135,31.855271,-117.146015,115.9306,115.9376,578.5533,509.1089,0.0001,0.0001,,,0,0,72000,13.6,,,
19,75900,30.297894,30.773634,-121.425152,120.2095,120.2107,900.8869,784.5205,0.0000,0.0000,,,0,0,76000,14.5,,,
20,79900,,,,,,,,,,,,0,0,80000,15.2,,,
21,83900,29.904955,30.248065,-125.200169,124.1207,124.1347,814.9240,843.9038,0.0000,0.0000,,,0,0,84000,16.1,,,
22,87900,28.345410,28.937456,-130.238815,129.2214,129.2174,790.7535,827.3793,0.0000,0.0000,,,0,0,88000,16.9,,,
23,91900,28.934982,29.699509,-135.082611,133.8979,133.9041,1132.4628,1288.0403,0.0000,0.0000,,,0,0,92000,17.8,,,
24,95900,27.874428,27.997305,-138.552436,137.8715,137.8669,918.8238,779.2974,0.0000,0.0000,,,0,0,96000,18.6,,,
25,99900,,,,,,,,,,57445.48,1000.0,100,51,100000,19.4,,,
26,103900,38.050968,38.324485,-143.144467,141.9637,141.9790,1119.5564,1035.5553,0.0000,0.0000,,,0,0,104000,20.4,0.754657,0.605738,0.074460
27,107900,56.465061,55.147047,-149.769744,148.4104,148.4095,3060.3236,2860.8865,0.0000,0.0001,,,0,0,108000,21.5,0.485456,0.400989,0.042234
28,111900,45.861106,46.125178,-153.296516,151.8677,151.8659,1561.2967,1489.1808,0.0000,0.0001,,,0,0,112000,22.5,0.269661,0.226878,0.021392
29,115900,47.842407,48.008287,-157.102325,155.9670,155.9714,1433.8981,1357.2120,0.0000,0.0005,,,0,0,116000,23.6,0.148134,0.125624,0.011255
30,119900,,,,,,,,,,,,0,0,120000,24.3,,,
31,123900,44.368147,44.254620,-160.360201,159.5254,159.5322,1376.3282,1358.7299,0.0000,0.3346,,,0,0,124000,25.4,0.100943,0.087092,0.006925
32,127900,43.324541,43.118198,-165.648950,164.2410,164.2606,1439.2613,1184.5947,0.0000,0.0000,,,0,0,128000,26.6,0.086049,0.074462,0.005794
33,131900,41.750331,42.168582,-168.999984,167.5973,167.5983,1085.6711,1150.5611,0.0000,0.0000,,,0,0,132000,27.6,0.040844,0.035438,0.002703
34,135900,41.227292,41.517435,-173.866089,172.4304,172.4334,1968.6344,1779.0487,0.0000,0.0000,,,0,0,136000,28.7,0.012086,0.010660,0.000713
35,139900,,,,,,,,,,,,0,0,140000,29.4,,,
36,143900,41.251474,40.968768,-176.867466,175.9104,175.9042,2019.7490,1889.3094,0.0000,0.0000,,,0,0,144000,30.5,0.006269,0.005668,0.000300
37,147900,44.081302,44.115416,-180.876071,180.3522,180.3589,1343.1483,1248.0843,0.0000,0.0001,,,0,0,148000,31.6,0.003435,0.003151,0.000142
38,151900,46.364440,46.330074,-185.307610,184.2507,184.2621,2016.3273,1911.2858,0.0000,0.0001,,,0,0,152000,32.7,0.002175,0.002001,0.000087
39,155900,39.268364,40.196628,-189.716100,188.9814,188.9803,1464.1168,1630.1056,0.0000,0.1461,,,0,0,156000,33.8,0.001670,0.001542,0.000064
40,159900,,,,,,,,,,,,0,0,160000,34.5,,,
41,163900,47.146705,48.136365,-193.560304,192.4384,192.4450,1981.5134,2093.6628,0.0000,0.0736,,,0,0,164000,35.6,0.001360,0.001258,0.000051
42,167900,46.581997,47.824024,-198.138088,197.0434,197.0592,1777.4074,1810.2092,0.0000,0.3398,,,0,0,168000,36.7,0.001149,0.001066,0.000042
43,171900,47.920650,48.956037,-203.063214,201.7122,201.6972,1707.1084,1835.7695,0.0000,0.0000,,,0,0,172000,37.8,0.000958,0.000891,0.000033
44,175900,47.230659,48.057335,-206.519904,205.7281,205.7264,2267.3232,2072.5776,0.0000,0.0000,,,0,0,176000,38.9,0.000815,0.000758,0.000028
45,179900,,,,,,,,,,,,0,0,180000,39.6,,,
46,183900,49.008946,49.221044,-210.548113,209.7038,209.7166,2663.6561,2441.9801,0.0000,0.0000,,,0,0,184000,40.7,0.000760,0.000693,0.000034
47,187900,45.943593,46.727261,-214.868201,214.1722,214.1644,2917.5477,2895.0610,0.0000,0.0000,,,0,0,188000,41.9,0.000605,0.000562,0.000022
48,191900,54.355985,55.149189,-219.417383,218.0643,218.0801,1982.2417,2344.4283,0.0000,0.1597,,,0,0,192000,43.0,0.000518,0.000482,0.000018
49,195900,48.983468,50.320246,-223.459404,222.1691,222.1708,2278.6242,2251.5719,0.0000,0.0000,,,0,0,196000,44.1,0.000474,0.000443,0.000016
50,199900,,,,,,,,,,,,0,0,200000,44.8,,,
51,203900,57.447927,57.938830,-226.970399,226.0224,226.0138,2664.4263,2620.0981,0.0000,0.0000,40698.81,1001.0,100,54,204000,45.8,0.681755,0.622780,0.029488
52,207900,66.163903,63.030555,-232.943240,232.0772,232.0814,3855.8471,2954.0452,0.0000,0.0000,,,0,0,208000,46.8,0.149337,0.129134,0.010101
53,211900,71.839166,73.169579,-237.955210,236.1110,236.1027,3378.5223,3594.5599,0.0000,0.0000,,,0,0,212000,47.9,0.062358,0.055068,0.003645
54,215900,80.781456,80.295202,-241.333433,240.7932,240.8198,3106.2998,3109.7015,0.0000,0.0000,,,0,0,216000,49.0,0.021210,0.018660,0.001275
55,219900,,,,,,,,,,,,0,0,220000,49.7,,,
56,223900,72.694266,72.132024,-246.449827,244.9333,244.9135,2145.3616,2364.6900,0.0000,0.0000,,,0,0,224000,50.8,0.010603,0.009505,0.000549
57,227900,67.109913,67.550368,-250.261232,248.9385,248.9424,2534.5557,2516.3979,0.0000,0.0000,,,0,0,228000,51.9,0.002639,0.002265,0.000187
58,231900,71.277028,72.056855,-254.866083,253.6939,253.6740,3207.5645,3144.1572,0.0000,0.0000,,,0,0,232000,53.1,0.001919,0.001654,0.000133
59,235900,72.911191,73.770136,-259.166270,258.3486,258.3667,3120.3074,3031.3044,0.0000,0.0000,,,0,0,236000,54.2,0.003348,0.002905,0.000221
60,239900,,,,,,,,,,,,0,0,240000,54.9,,,
61,243900,77.341543,77.778619,-263.395060,262.0486,262.0596,4355.6586,4107.1896,0.0000,0.0000,,,0,0,244000,56.0,0.003760,0.003370,0.000195
62,247900,68.686276,68.555685,-267.376665,266.1304,266.1271,2509.8025,2251.6236,0.0000,0.0000,,,0,0,248000,57.1,0.008212,0.007604,0.000304
63,251900,71.706120,70.944503,-271.843629,270.6673,270.6725,2939.2489,2669.3981,0.0000,0.0000,,,0,0,252000,58.2,0.005781,0.005269,0.000256
64,255900,66.073419,66.769057,-274.823705,274.1229,274.1353,2634.4527,2844.8545,0.0000,0.0000,,,0,0,256000,59.3,0.001385,0.001163,0.000111
65,259900,,,,,,,,,,,,0,0,260000,60.0,,,
66,263900,79.553201,78.803949,-280.766289,279.5670,279.5549,3760.9104,3324.2791,0.0000,0.0000,,,0,0,264000,61.1,0.003350,0.003069,0.000141
67,267900,72.303738,72.152541,-285.518726,284.1808,284.1903,4305.1161,4084.3315,0.0000,0.0000,,,0,0,268000,62.2,0.000209,0.000195,0.000007
68,271900,77.292989,77.903921,-287.694443,286.9746,286.9661,2915.5347,2660.5115,0.0000,0.0000,,,0,0,272000,63.3,0.000187,0.000174,0.000007
69,275900,83.348848,87.463102,-292.659808,291.5963,291.6153,2588.0831,3159.2214,0.0000,0.0000,,,0,0,276000,64.4,0.000174,0.000162,0.000006
70,279900,,,,,,,,,,,,0,0,280000,65.1,,,
71,283900,71.591401,74.471000,-295.278734,295.2107,295.1750,4699.7479,4621.8816,0.0000,0.0000,,,0,0,284000,66.2,0.000159,0.000148,0.000005
72,287900,73.847870,75.563628,-302.071581,300.4479,300.4496,4565.7022,4422.9706,0.0000,0.0000,,,0,0,288000,67.4,0.000145,0.000135,0.000005
73,291900,94.940305,94.285598,-304.808961,303.5763,303.5812,4271.6674,3615.4177,0.0000,0.0000,,,0,0,292000,68.5,0.000137,0.000126,0.000005
74,295900,70.973236,71.148763,-308.369614,307.9036,307.9063,3199.4569,2966.7525,0.0000,0.0000,,,0,0,296000,69.5,0.000127,0.000118,0.000005
75,299900,,,,,,,,,,,,0,0,300000,70.2,,,
76,303900,84.891813,86.330777,-311.686290,311.2897,311.2933,2724.2026,2921.9991,0.0000,0.0000,40680.84,1001.0,100,52,304000,71.3,0.000119,0.000110,0.000004
77,307900,125.020510,126.876380,-318.572875,318.1435,318.1487,5751.0306,6221.3552,0.0000,0.0000,,,0,0,308000,72.3,0.547823,0.512160,0.017831
78,311900,122.040559,124.564658,-322.760929,322.1012,322.0724,4684.2894,5026.0597,0.0000,0.0000,,,0,0,312000,73.4,0.418820,0.383791,0.017515
79,315900,114.920955,116.230572,-326.799719,326.3107,326.3179,4429.2844,4019.9462,0.0000,0.0000,,,0,0,316000,74.5,0.040170,0.035315,0.002428
80,319900,,,,,,,,,,,,0,0,320000,75.2,,,
81,323900,126.703236,126.906889,-331.914357,330.3698,330.3875,5079.3298,4408.1201,0.0000,0.0000,,,0,0,324000,76.3,0.050324,0.044913,0.002705
82,327900,108.895841,109.192087,-335.056499,334.7135,334.6980,4576.0539,4655.4470,0.0000,0.0000,,,0,0,328000,77.4,0.008831,0.007938,0.000446
83,331900,102.867104,103.803939,-339.436897,338.7407,338.7433,3638.5522,3690.9637,0.0000,0.0000,,,0,0,332000,78.5,0.018572,0.016456,0.001058
84,335900,108.418000,108.897985,-343.371112,342.5777,342.5929,5614.9718,5378.7989,0.0000,0.0000,,,0,0,336000,79.6,0.008238,0.007294,0.000472
85,339900,,,,,,,,,,,,0,0,340000,80.3,,,
86,343900,111.924989,111.953182,-348.902018,347.4449,347.4382,5385.4304,5217.0277,0.0000,0.0000,,,0,0,344000,81.3,0.006288,0.005625,0.000332
87,347900,108.433969,109.319595,-354.026548,351.6194,351.6201,5092.1367,4609.2550,0.0000,0.0000,,,0,0,348000,82.4,0.004962,0.004509,0.000227
88,351900,122.192547,123.357387,-357.069182,354.6009,354.5905,4451.1450,4518.2533,0.0000,0.0000,,,0,0,352000,83.5,0.008125,0.007394,0.000365
89,355900,105.199607,106.364282,-361.385149,360.4291,360.4393,4246.6509,4116.1994,0.0000,0.0000,,,0,0,356000,84.6,0.022211,0.020549,0.000831
90,359900,,,,,,,,,,,,0,0,360000,85.3,,,
91,363900,113.969992,111.972229,-366.081956,364.0439,364.0413,6723.7912,5760.0444,0.0000,0.0000,,,0,0,364000,86.4,0.001113,0.000989,0.000062
92,367900,133.272033,132.973205,-368.507772,366.9734,366.9788,5341.7287,4844.7946,0.0000,0.0000,,,0,0,368000,87.5,0.013085,0.011660,0.000712
93,371900,116.645860,118.902945,-371.813560,370.6784,370.6848,5323.6244,4879.3850,0.0000,0.0000,,,0,0,372000,88.7,0.005895,0.005453,0.000221
94,375900,122.693757,125.638789,-378.785236,376.6332,376.6281,4364.3314,4993.0902,0.0000,0.0000,,,0,0,376000,89.8,0.003322,0.003071,0.000126
95,379900,,,,,,,,,,,,0,0,380000,90.5,,,
96,383900,117.790990,119.638403,-382.572958,380.2736,380.2791,4423.1130,4581.0167,0.0000,0.0000,,,0,0,384000,91.6,0.000085,0.000080,0.000003
97,387900,145.040245,145.284833,-386.189771,384.5666,384.5567,5457.7093,4868.0820,0.0000,0.0000,,,0,0,388000,92.7,0.000076,0.000071,0.000002
98,391900,138.357004,139.703466,-389.116219,388.1538,388.1581,4160.8766,4359.4218,0.0000,0.0000,,,0,0,392000,93.7,0.000069,0.000065,0.000002
99,395900,123.589191,122.014686,-394.341295,392.6836,392.6888,6295.4235,4752.3525,0.0000,0.0000,,,0,0,396000,94.8,0.000066,0.000062,0.000002
100,399900,,,,,,,,,,,,0,0,400000,95.5,,,
101,403900,118.716476,122.569317,-397.632767,396.8734,396.8871,4847.8971,5961.8492,0.0000,0.0000,40688.64,1001.0,100,46,404000,96.6,0.000061,0.000057,0.000002
102,407900,168.673249,170.994670,-404.779869,402.5870,402.5721,5886.6013,5534.1450,0.0000,0.0000,,,0,0,408000,97.6,0.086906,0.081187,0.002859
103,411900,155.171017,160.813401,-407.838405,406.2796,406.2886,5897.6031,6871.8305,0.0000,0.0000,,,0,0,412000,98.6,0.067284,0.061051,0.003117
104,415900,167.202360,169.446286,-411.852615,411.2717,411.2562,6491.6865,5877.2315,0.0000,0.0000,,,0,0,416000,99.7,0.011833,0.010579,0.000627
105,419900,,,,,,,,,,,,0,0,420000,100.4,,,
106,423900,169.156631,169.006241,-414.664980,413.3950,413.4257,5771.2388,5704.7132,0.0000,0.0000,,,0,0,424000,101.5,0.018940,0.017228,0.000856
107,427900,156.731744,158.017990,-418.432161,416.7038,416.6802,5154.0536,5919.2595,0.0000,0.0000,,,0,0,428000,102.6,0.015000,0.013735,0.000632
108,431900,157.145474,160.611245,-422.503950,420.9045,420.8874,4523.2049,5714.9467,0.0000,0.0000,,,0,0,432000,103.7,0.001131,0.000962,0.000085
109,435900,214.489708,213.603870,-428.230026,425.7241,425.7238,8614.0255,7457.0396,0.0000,0.0000,,,0,0,436000,104.8,0.025417,0.023538,0.000940
110,439900,,,,,,,,,,,,0,0,440000,105.5,,,
111,443900,175.629647,175.326291,-431.368693,430.8062,430.8255,4856.8139,4512.6616,0.0000,0.0000,,,0,0,444000,106.6,0.005979,0.005460,0.000259
112,447900,184.757742,182.707784,-435.204071,433.5411,433.5314,6471.8443,5390.4037,0.0000,0.0000,,,0,0,448000,107.7,0.002110,0.001739,0.000186
113,451900,176.250583,176.063025,-439.954534,437.2797,437.2862,6348.1154,6025.5020,0.0000,0.0000,,,0,0,452000,108.8,0.009630,0.008883,0.000373
114,455900,175.501628,174.182932,-443.289114,442.2500,442.2643,8890.2827,7699.3284,0.0000,0.0000,,,0,0,456000,110.0,0.000090,0.000088,0.000001
115,459900,,,,,,,,,,,,0,0,460000,110.7,,,
116,463900,156.306968,156.550230,-447.849082,445.8459,445.8481,5660.1620,5357.0687,0.0000,0.0000,,,0,0,464000,111.8,0.000082,0.000080,0.000001
117,467900,204.221947,205.999203,-450.867285,449.9778,449.9756,6184.6005,6199.6778,0.0000,0.0000,,,0,0,468000,112.9,0.000076,0.000074,0.000001
118,471900,200.194320,204.238516,-453.829757,453.3957,453.4027,8520.7301,9201.3620,0.0000,0.0000,,,0,0,472000,114.0,0.000069,0.000067,0.000001
119,475900,230.751902,228.105323,-458.207603,456.7295,456.7135,8704.7359,8566.0759,0.0000,0.0000,,,0,0,476000,115.1,0.000064,0.000062,0.000001
120,479900,,,,,,,,,,,,0,0,480000,115.8,,,
121,483900,193.815606,190.184553,-463.299762,461.3818,461.3954,7402.0978,6372.3311,0.0000,0.0000,,,0,0,484000,116.9,0.000063,0.000061,0.000001
122,487900,190.857071,191.451003,-466.213679,465.5961,465.6041,5145.3521,5518.6210,0.0000,0.0000,,,0,0,488000,118.0,0.000056,0.000054,0.000001
123,491900,182.007782,180.605502,-472.361639,469.4961,469.4858,6286.6622,6260.6250,0.0000,0.0000,,,0,0,492000,119.1,0.000053,0.000051,0.000001
124,495900,168.095395,171.538788,-475.073104,473.2978,473.3187,5522.0283,5907.7872,0.0000,0.0000,,,0,0,496000,120.2,0.000049,0.000048,0.000001
125,499900,,,,,,,,,,,,0,0,500000,120.9,,,
126,503900,205.786335,208.767416,-480.659998,477.9842,477.9724,6747.7301,6568.0559,0.0000,0.0000,40685.31,1001.0,100,35,504000,122.0,0.000046,0.000044,0.000001
127,507900,217.860965,220.082930,-483.269098,481.4786,481.4960,9609.7671,7974.6579,0.0000,0.0000,,,0,0,508000,123.0,0.951903,0.896720,0.027592
128,511900,239.031204,239.117580,-487.929561,486.3977,486.3837,8150.6254,7955.7534,0.0000,0.0000,,,0,0,512000,124.0,0.192090,0.172745,0.009672
129,515900,292.164304,291.001559,-491.221240,489.4777,489.5165,12187.6751,10487.7774,0.0000,0.0000,,,0,0,516000,125.1,0.088338,0.078784,0.004777
130,519900,,,,,,,,,,,,0,0,520000,125.8,,,
131,523900,278.337052,271.544815,-496.534448,494.9902,494.9666,13099.5775,9987.2499,0.0000,0.0000,,,0,0,524000,126.9,0.023075,0.020668,0.001203
132,527900,264.400441,262.244922,-502.131058,499.1998,499.2025,7955.6053,6996.7885,0.0000,0.0000,,,0,0,528000,128.0,0.003869,0.003511,0.000179
133,531900,246.656059,245.575788,-503.909961,502.2871,502.3374,8210.1276,7847.4048,0.0000,0.0000,,,0,0,532000,129.1,0.013200,0.011933,0.000634
134,535900,232.552395,235.136151,-509.639387,506.3375,506.2997,7081.8152,8215.1832,0.0000,0.0000,,,0,0,536000,130.2,0.011082,0.010105,0.000489
135,539900,,,,,,,,,,,,0,0,540000,130.9,,,
136,543900,362.965882,367.327797,-511.709916,509.8317,509.8734,8738.3711,9223.2209,0.0000,0.0000,,,0,0,544000,132.0,0.001881,0.001734,0.000073
137,547900,228.969813,231.373365,-515.461882,514.1582,514.0994,6999.5687,8204.3409,0.0000,0.0000,,,0,0,548000,133.1,0.019930,0.018614,0.000658
138,551900,314.873093,312.772013,-520.493179,517.3728,517.3899,8290.1242,6978.9175,0.0000,0.0000,,,0,0,552000,134.2,0.004662,0.004218,0.000222
139,555900,315.185666,319.709120,-522.981631,520.5059,520.5166,7884.9413,9676.1139,0.0000,0.0000,,,0,0,556000,135.3,0.003610,0.003142,0.000234
140,559900,,,,,,,,,,,,0,0,560000,136.0,,,
141,563900,226.210272,226.333067,-526.513665,524.6768,524.6533,7318.5095,6758.6096,0.0000,0.0000,,,0,0,564000,137.1,0.012811,0.011689,0.000561
142,567900,274.186856,277.027931,-529.542939,527.4252,527.4169,7101.1455,7195.5838,0.0000,0.0000,,,0,0,568000,138.2,0.001960,0.001751,0.000105
143,571900,276.723501,275.996621,-536.507266,533.8676,533.8828,8894.7538,7619.1729,0.0000,0.0000,,,0,0,572000,139.3,0.050953,0.046795,0.002079
144,575900,285.823622,289.472534,-538.968997,537.2624,537.2397,8344.4672,7833.5423,0.0000,0.0000,,,0,0,576000,140.4,0.006412,0.005829,0.000291
145,579900,,,,,,,,,,,,0,0,580000,141.1,,,
146,583900,241.200426,245.668190,-543.441328,540.0287,540.0231,10209.1765,9697.2255,0.0000,0.0000,,,0,0,584000,142.2,0.000043,0.000042,0.000001
147,587900,274.062571,273.627915,-546.608569,544.4960,544.5186,10739.1988,10917.1437,0.0000,0.0000,,,0,0,588000,143.2,0.000038,0.000037,0.000001
148,591900,286.938534,290.725731,-550.207468,548.1018,548.0838,10647.1791,11509.2961,0.0000,0.0000,,,0,0,592000,144.3,0.000035,0.000034,0.000001
149,595900,263.443314,265.490175,-554.031711,553.0613,553.0564,9886.5911,9732.9005,0.0000,0.0000,,,0,0,596000,145.4,0.000033,0.000032,0.000000
150,599900,,,,,,,,,,,,0,0,600000,146.2,,,
151,603900,205.378728,206.519922,-559.159834,556.5051,556.5215,6742.7875,6108.9702,0.0002,0.0000,40683.71,1001.0,100,47,604000,147.3,0.000031,0.000030,0.000000
152,607900,289.326052,290.547341,-562.485803,561.0985,561.1052,9607.4596,10054.8843,0.1262,0.0000,,,0,0,608000,148.3,0.150980,0.141128,0.004926
153,611900,323.217894,319.874564,-566.606658,564.2691,564.2714,10082.5805,9315.6019,0.0848,0.0000,,,0,0,612000,149.3,0.029272,0.027003,0.001134
154,615900,302.122944,299.922684,-569.836899,567.7757,567.7658,6086.3977,5555.5381,0.0532,0.0000,,,0,0,616000,150.5,0.019560,0.017934,0.000813
155,619900,,,,,,,,,,,,0,0,620000,151.2,,,
156,623900,316.159246,316.110244,-574.583147,572.0555,572.0682,10535.9895,11030.4408,0.0393,0.0000,,,0,0,624000,152.3,0.021050,0.019170,0.000940
157,627900,336.030803,337.106152,-577.848330,576.0581,576.0423,10650.1957,9674.7001,0.0397,0.0000,,,0,0,628000,153.4,0.017974,0.016595,0.000689
158,631900,368.974317,371.420375,-581.931543,579.9258,579.9216,7493.5635,8841.6888,0.0492,0.0000,,,0,0,632000,154.5,0.012836,0.011652,0.000592
159,635900,376.053353,376.750247,-586.117166,583.4497,583.4744,10112.5553,9506.1450,0.0295,0.0000,,,0,0,636000,155.6,0.007896,0.007097,0.000400
160,639900,,,,,,,,,,,,0,0,640000,156.3,,,
161,643900,340.878991,341.303088,-591.034724,588.1658,588.1567,9729.1125,10443.1473,0.0375,0.0000,,,0,0,644000,157.5,0.009926,0.009192,0.000367
162,647900,340.221498,343.349135,-591.282317,590.2780,590.2747,9388.4715,9227.9787,0.0394,0.0000,,,0,0,648000,158.5,0.014212,0.012929,0.000641
163,651900,332.636299,330.532025,-597.845103,595.1160,595.1318,11488.6598,10503.1561,0.0693,0.0000,,,0,0,652000,159.7,0.003693,0.003360,0.000167
164,655900,337.287017,336.401360,-601.100327,597.9620,597.9399,8239.2769,7535.9264,0.0372,0.0000,,,0,0,656000,160.8,0.000045,0.000045,0.000000
165,659900,,,,,,,,,,,,0,0,660000,161.5,,,
166,663900,308.029381,309.359120,-602.911221,599.9773,599.9818,10006.5131,9774.3245,0.0117,0.0000,,,0,0,664000,162.6,0.000043,0.000042,0.000000
167,667900,427.327006,426.960403,-607.260459,606.1375,606.1414,15810.7509,15447.9863,0.0269,0.0000,,,0,0,668000,163.7,0.000036,0.000036,0.000000
168,671900,316.215630,316.859643,-612.492249,609.3692,609.3710,10900.9493,10115.4709,0.0267,0.0000,,,0,0,672000,164.8,0.000032,0.000031,0.000000
169,675900,340.127303,338.510247,-615.090000,613.9380,613.9393,8414.9711,8817.8089,0.0174,0.0000,,,0,0,676000,165.9,0.000030,0.000029,0.000000
170,679900,,,,,,,,,,,,0,0,680000,166.6,,,
171,683900,324.404609,327.596241,-620.243379,616.4320,616.4320,8177.2208,8627.1952,0.0243,0.0000,,,0,0,684000,167.7,0.000027,0.000026,0.000000
172,687900,371.146058,372.911802,-622.477996,619.5534,619.5507,13289.9952,13665.7118,0.0172,0.0000,,,0,0,688000,168.8,0.000026,0.000025,0.000000
173,691900,362.599702,361.204696,-626.891143,624.5513,624.5744,10850.2996,9746.3874,0.0266,0.0000,,,0,0,692000,169.9,0.000023,0.000023,0.000000
174,695900,365.398696,366.755666,-630.638472,628.2529,628.2549,8741.4905,9644.1397,0.0159,0.0000,,,0,0,696000,171.0,0.000023,0.000022,0.000000
175,699900,,,,,,,,,,,,0,0,700000,171.8,,,
176,703900,348.207580,350.740930,-631.658757,630.9378,630.9380,8593.1037,9592.5013,0.0169,0.0000,40683.58,1001.0,100,51,704000,172.8,0.000021,0.000020,0.000000
177,707900,423.184503,423.965180,-642.260549,638.7200,638.6996,12720.3615,12371.1912,0.0110,0.0000,,,0,0,708000,173.8,0.093699,0.087619,0.003040
178,711900,486.386439,485.563345,-643.360757,640.1426,640.1384,15177.2804,14995.1032,0.0094,0.0000,,,0,0,712000,174.9,0.096868,0.088303,0.004282
179,715900,396.710279,396.395477,-646.039163,642.6295,642.6034,11139.2322,11476.4300,0.0102,0.0000,,,0,0,716000,176.0,0.043686,0.039699,0.001994
180,719900,,,,,,,,,,,,0,0,720000,176.6,,,
181,723900,393.508329,386.998977,-649.993008,647.0186,647.0684,9529.6232,7887.0983,0.0121,0.0000,,,0,0,724000,177.8,0.151144,0.138233,0.006455
182,727900,370.130393,369.977803,-655.621072,651.8033,651.7942,11341.9323,10977.6380,0.0145,0.0000,,,0,0,728000,178.9,0.019719,0.017518,0.001101
183,731900,379.822947,382.362900,-657.859214,654.3789,654.3555,8291.0659,9028.5992,0.0051,0.0000,,,0,0,732000,180.0,0.017898,0.016191,0.000853
184,735900,427.947786,430.674614,-661.015803,657.6458,657.6619,12055.7229,11580.6873,0.0106,0.0000,,,0,0,736000,181.1,0.012503,0.011284,0.000610
185,739900,,,,,,,,,,,,0,0,740000,181.8,,,
186,743900,470.500866,476.335606,-663.185459,660.4735,660.4454,11298.2756,12865.5051,0.0539,0.0000,,,0,0,744000,182.9,0.014082,0.013032,0.000525
187,747900,302.383056,305.074866,-667.589155,666.3734,666.4078,9040.5026,9684.3522,0.0189,0.0000,,,0,0,748000,184.0,0.017364,0.015956,0.000704
188,751900,500.112737,496.594960,-670.069321,667.8735,667.8647,15881.1941,14381.4572,0.0170,0.0000,,,0,0,752000,185.1,0.014214,0.013012,0.000601
189,755900,448.139204,448.791519,-675.507947,672.2158,672.2240,12320.4347,12806.7566,0.0065,0.0000,,,0,0,756000,186.2,0.003135,0.002875,0.000130
190,759900,,,,,,,,,,,,0,0,760000,186.9,,,
191,763900,396.356338,393.468404,-679.389521,676.3326,676.3402,12479.4001,11103.1615,0.0210,0.0000,,,0,0,764000,188.1,0.009918,0.009282,0.000318
192,767900,392.153807,399.261244,-683.207668,678.5061,678.4995,10784.1968,11437.5348,0.0185,0.0000,,,0,0,768000,189.1,0.007357,0.006722,0.000317
193,771900,436.240887,436.055591,-686.787583,683.2796,683.3028,14531.0422,14043.1038,0.0177,0.0000,,,0,0,772000,190.2,0.000023,0.000023,0.000000
194,775900,579.629233,577.759757,-690.113608,686.6507,686.6465,13319.6737,13445.2164,0.0181,0.0000,,,0,0,776000,191.3,0.000023,0.000023,0.000000
195,779900,,,,,,,,,,,,0,0,780000,192.0,,,
196,783900,361.596229,354.394958,-692.216328,690.6250,690.6248,11708.9757,10236.7957,0.0170,0.0000,,,0,0,784000,193.2,0.000020,0.000020,0.000000
197,787900,430.307926,428.169369,-696.672952,694.0204,694.0234,9602.5267,9494.5446,0.0074,0.0000,,,0,0,788000,194.3,0.000019,0.000019,0.000000
198,791900,430.821395,434.238719,-702.862957,698.7694,698.7738,15479.1224,15004.5819,0.0129,0.0000,,,0,0,792000,195.4,0.000017,0.000017,0.000000
199,795900,545.062689,545.550138,-706.221445,701.5859,701.5843,10196.8438,9802.5209,0.0057,0.0000,,,0,0,796000,196.5,0.000017,0.000016,0.000000
200,799900,,,,,,,,,,,,0,0,800000,197.2,,,
201,803900,525.927764,527.253578,-705.383435,703.2084,703.2079,12668.9506,11946.7141,0.0264,0.0000,40738.75,1001.0,100,49,804000,198.3,0.000015,0.000015,0.000000
202,807900,515.222077,516.180914,-711.437371,708.5642,708.5845,9759.3106,9746.9415,0.0305,0.0000,,,0,0,808000,199.3,0.096011,0.089752,0.003129
203,811900,472.064063,478.181044,-714.840684,713.1404,713.1321,11146.8147,13234.3784,0.0216,0.0000,,,0,0,812000,200.3,0.018074,0.016637,0.000718
204,815900,435.698147,434.438978,-719.299216,714.8612,714.8412,14883.5209,14087.5397,0.0070,0.0000,,,0,0,816000,201.4,0.085627,0.079632,0.002998
205,819900,,,,,,,,,,,,0,0,820000,202.1,,,
206,823900,469.832684,471.760553,-717.359294,717.3415,717.3478,12008.0647,11615.0198,0.0175,0.0000,,,0,0,824000,203.2,0.026287,0.024024,0.001131
207,827900,573.264872,570.757951,-724.479570,722.1903,722.1643,15570.0069,14828.4919,0.0113,0.0000,,,0,0,828000,204.3,0.026415,0.024048,0.001183
208,831900,430.985713,427.735886,-729.513235,726.5517,726.5934,15853.5604,14561.1102,0.0037,0.0000,,,0,0,832000,205.4,0.023797,0.021323,0.001237
209,835900,493.015092,494.517256,-731.457168,728.2173,728.2140,9968.3682,9447.0855,0.0081,0.0000,,,0,0,836000,206.5,0.002084,0.001864,0.000110
210,839900,,,,,,,,,,,,0,0,840000,207.2,,,
211,843900,500.674624,505.162548,-735.809177,732.9976,732.9861,11738.6053,12873.2780,0.0076,0.0000,,,0,0,844000,208.4,0.012335,0.011285,0.000525
212,847900,632.809944,633.891201,-738.212561,736.5548,736.5610,14354.9141,12962.9097,0.0049,0.0000,,,0,0,848000,209.5,0.002690,0.002283,0.000203
213,851900,412.980411,416.798086,-741.844695,738.9713,738.9685,15511.1564,16362.5312,0.0185,0.0000,,,0,0,852000,210.5,0.000047,0.000047,0.000000
214,855900,657.049014,659.957239,-746.700388,741.5115,741.5264,13714.5056,13954.0168,0.0105,0.0000,,,0,0,856000,211.6,0.000039,0.000039,0.000000
215,859900,,,,,,,,,,,,0,0,860000,212.3,,,
216,863900,599.435163,599.913522,-751.527341,747.2889,747.2639,13091.2548,14177.7354,0.0095,0.0000,,,0,0,864000,213.4,0.000035,0.000035,0.000000
217,867900,494.521055,494.918811,-753.936841,750.5377,750.5692,12867.4439,12009.5048,0.0038,0.0000,,,0,0,868000,214.5,0.000032,0.000032,0.000000
218,871900,597.718780,597.846226,-756.879351,753.5016,753.4885,15671.3471,14508.0025,0.0040,0.0000,,,0,0,872000,215.6,0.000029,0.000029,0.000000
219,875900,567.757831,572.318936,-760.484219,757.5414,757.5504,12405.2891,12824.1600,0.0080,0.0000,,,0,0,876000,216.7,0.000026,0.000025,0.000000
220,879900,,,,,,,,,,,,0,0,880000,217.4,,,
221,883900,508.336970,512.394332,-763.778901,760.6485,760.6392,10487.0829,10786.5367,0.0144,0.0000,,,0,0,884000,218.6,0.000023,0.000023,0.000000
222,887900,606.738847,610.737314,-765.679219,762.6269,762.6128,12836.9154,12996.1812,0.0046,0.0000,,,0,0,888000,219.7,0.000022,0.000022,0.000000
223,891900,475.117021,476.251086,-773.573679,769.3773,769.3871,11219.3677,11084.9120,0.0047,0.0000,,,0,0,892000,220.8,0.000020,0.000020,0.000000
224,895900,502.187182,500.295349,-775.483245,772.2884,772.2794,11940.5603,12561.8275,0.0007,0.0000,,,0,0,896000,221.9,0.000019,0.000019,0.000000
225,899900,,,,,,,,,,,,0,0,900000,222.6,,,
226,903900,497.725596,500.373204,-775.931184,774.2873,774.2952,13933.6343,13996.3272,0.0095,0.0000,40703.91,1001.0,100,45,904000,223.7,0.000017,0.000017,0.000000
227,907900,642.884639,674.134103,-782.287449,778.4736,778.4624,13592.1737,14021.6174,0.0205,0.0000,,,0,0,908000,224.7,0.202901,0.190425,0.006238
228,911900,543.363457,559.812046,-784.809143,781.5868,781.5709,13456.8647,15846.6034,0.0151,0.0000,,,0,0,912000,225.7,0.073543,0.066929,0.003307
229,915900,625.797321,638.287713,-789.889192,786.1179,786.1233,14881.4600,19351.1575,0.0067,0.0000,,,0,0,916000,226.8,0.043624,0.040183,0.001721
230,919900,,,,,,,,,,,,0,0,920000,227.5,,,
231,923900,692.719319,699.072508,-790.783604,787.9428,787.9072,14537.0342,16882.2843,0.0075,0.0000,,,0,0,924000,228.6,0.003743,0.003449,0.000147
232,927900,674.532508,677.104078,-794.502712,792.3122,792.3607,12935.1867,12459.9355,0.0030,0.0000,,,0,0,928000,229.7,0.028487,0.026320,0.001084
233,931900,737.146157,740.880708,-800.509446,795.8446,795.8074,12690.7021,13996.7592,0.0172,0.0000,,,0,0,932000,230.8,0.020097,0.018361,0.000868
234,935900,714.991281,712.324745,-802.997241,798.3240,798.2990,17438.2665,14294.5608,0.0060,0.0000,,,0,0,936000,231.9,0.001002,0.000856,0.000073
235,939900,,,,,,,,,,,,0,0,940000,232.6,,,
236,943900,563.314846,560.742486,-807.026069,802.7000,802.7555,19745.3743,16978.4680,0.0051,0.0000,,,0,0,944000,233.7,0.000025,0.000025,0.000000
237,947900,762.084544,768.592424,-807.629934,803.7273,803.7705,17335.5846,19354.1917,0.0056,0.0000,,,0,0,948000,234.9,0.047739,0.044187,0.001776
238,951900,714.481126,710.620829,-813.052202,809.0929,808.9747,20053.3230,19256.8827,0.0072,0.0000,,,0,0,952000,236.0,0.018584,0.016732,0.000926
239,955900,601.557477,601.013443,-816.170190,812.9169,813.0026,16416.5791,14733.7463,0.0059,0.0000,,,0,0,956000,237.1,0.016805,0.015361,0.000722
240,959900,,,,,,,,,,,,0,0,960000,237.8,,,
241,963900,734.831153,728.890590,-819.358198,814.5509,814.5537,16427.0104,14847.8385,0.0050,0.0000,,,0,0,964000,238.9,0.001253,0.001075,0.000089
242,967900,638.169622,644.995652,-819.371309,817.3550,817.3541,15824.7931,18405.3668,0.0154,0.0000,,,0,0,968000,240.0,0.005805,0.005238,0.000283
243,971900,630.480479,626.787395,-823.914521,820.5478,820.5414,14817.8574,14314.1306,0.0028,0.0000,,,0,0,972000,241.1,0.030440,0.027893,0.001274
244,975900,615.377982,613.233280,-827.512717,824.4157,824.3825,12905.9576,12041.6156,0.0154,0.0000,,,0,0,976000,242.2,0.028772,0.026564,0.001104
245,979900,,,,,,,,,,,,0,0,980000,242.9,,,
246,983900,693.027845,687.548768,-831.777849,827.3320,827.3592,18052.9823,15071.0809,0.0043,0.0000,,,0,0,984000,244.0,0.000020,0.000019,0.000000
247,987900,624.606112,621.835256,-835.984863,832.0813,832.0733,12743.6596,12613.5006,0.0164,0.0000,,,0,0,988000,245.1,0.000015,0.000015,0.000000
248,991900,671.862790,679.156620,-836.990576,833.8281,833.8433,19251.9172,20248.5029,0.0151,0.0000,,,0,0,992000,246.2,0.000014,0.000013,0.000000
249,995900,731.816273,739.966876,-840.299885,837.4084,837.3867,20179.3707,21035.7739,0.0150,0.0000,,,0,0,996000,247.3,0.000013,0.000013,0.000000
250,999900,,,,,,,,,,,,0,0,1000000,248.0,,,
