step,episode_return,has_disturbance
8,2.0174224417623936,0
66,-43.33830948165412,0
184,-67.35468921355314,0
361,-39.77484221018626,0
395,-23.15613190785017,0
415,-13.648230868853258,0
525,-13.383412383872676,0
556,-17.322385361030637,0
601,-4.97026296955668,0
628,2.6233176233848994,1
700,7.866239739767215,0
768,-15.145034080849733,0
860,-43.08908288359754,0
884,-10.589283062326828,0
969,-58.82260703934267,1
1169,-70.92798102592135,1
1202,-11.058503406397676,1
1349,-28.893395582854634,0
2350,-343.80431152265413,0
3351,-317.61968110238,0
3394,-5.247705438111175,0
3486,-22.24118505394309,0
3506,-7.654545427649865,0
3530,-0.7889636602896375,0
3552,-4.23628275996146,1
3577,-9.992001559074323,0
3741,-23.68050190610166,1
3877,-69.15796715902758,0
4878,-346.85398992272974,0
4983,-22.831072579083852,0
5074,-56.09453660773428,1
5151,-117.67462588216802,0
5188,-60.31471478534259,0
5208,-24.321379305046793,0
5227,-19.75089732216924,1
5358,-116.09544008638777,1
6359,-1326.5787539871328,1
6394,-48.41541550471234,0
6412,-31.531285608928304,0
6448,-65.15962253456011,0
6485,-40.436969024820826,1
6528,-75.17643375902031,0
6595,-137.99177496137452,1
6632,-80.95533721461574,0
6658,-28.76060432576999,0
6721,-122.65055855927078,1
7691,-1126.7377628370277,0
7723,-40.37075650580392,1
7757,-35.51204547932554,1
7877,-241.3564241401476,0
7966,-26.67954618042238,0
8056,-93.3901701073414,0
8087,-35.62223059573201,0
8110,-31.33396091252035,0
8259,-96.20233568644163,0
8294,-44.19651356815501,0
8392,-200.89546033915826,0
8463,-52.45301570590376,0
8485,-16.482366985115547,0
8523,-36.18083845845554,0
9524,-1297.3151544859609,0
9558,-35.224703054482745,0
9572,-15.74152874014824,1
9638,-67.37153661371433,0
9666,-40.87348798729164,1
9735,-90.91543430347592,1
9770,-21.54029040493298,1
9804,-56.256936428058914,0
10805,-1268.2927563367246,1
10856,-59.64002341355272,0
10883,-15.228887627843797,1
10905,-5.989367813836287,0
10922,-18.377815195431435,1
10950,-55.05311087473736,0
10997,-21.1328251593498,0
11010,-16.132431594475833,0
11036,-21.004556567298152,0
12037,-1152.6500577982779,1
12252,-300.9039456288905,0
12275,-27.884057456140624,0
12287,-12.0477607446344,0
12340,-46.589578268674984,1
12353,-23.326929295341095,0
12418,-106.67976841168776,0
12471,-68.27193857597133,0
12507,-36.32901454149769,1
12523,-10.362240758287607,0
12547,-9.2452631006723,0
12564,-1.9847743148038675,1
12580,-16.812839763334484,0
12612,-42.18565250364452,0
12675,-75.6975396887839,0
12747,-58.38704077992328,0
12802,-81.7198917937471,1
12910,-74.3911685175724,1
12933,-29.387553237168575,0
12950,-32.1667533328201,0
12968,-19.478221657101074,0
13004,-42.45054570597248,0
13077,-47.80231718685118,0
14078,-1178.255247267862,0
14099,-9.053342712349997,0
14180,-107.75899167464735,0
14238,-43.234292206138946,0
14297,-60.467171434948156,0
14497,-170.2986441404606,1
14527,-29.29355278377612,1
14561,-26.054548410437246,0
14574,-13.589961566905922,1
14617,-54.84325270709017,0
14638,-39.12459759448905,0
14666,-39.87503433970863,1
14723,-19.17354472995848,0
14745,-10.153047330351992,1
14770,-24.017020875604494,0
14814,-96.24096255157788,0
14856,-1.9878247554966713,0
14888,-52.14027292906898,0
14912,-34.129312986892245,0
14944,-47.400003632183115,1
15035,-105.53485364107833,0
15057,-31.234636238224983,0
15078,-41.96745768921301,0
15154,-1.5511536371721748,1
16155,-1248.0621122314587,0
16219,-73.84836495901453,0
16232,-20.597405512725988,1
16308,-140.77696754511112,0
16358,-102.84511166314287,0
16413,-48.37541918366875,1
16442,-66.45358670667545,0
16466,-49.701239903409736,0
16562,-192.64408409017153,0
16593,-59.01288047458963,1
17190,-821.4479870777959,0
17213,-36.4100007062665,0
17227,1.0935501791557483,0
17296,-122.62857431096343,0
17389,-71.41094321809173,1
17415,-9.26668696180382,0
17564,-273.6676176151171,0
17580,-12.152684312573928,0
17596,-38.710666625819584,1
17633,-88.26463936399097,1
17675,-68.18941405298088,0
18676,-1362.5142672299646,0
18719,-93.78792193876761,0
18738,-40.292933992819734,0
18860,-176.25044236307411,1
18872,-13.518387805128127,1
18915,-43.319151709635975,0
18982,-86.17509795862135,0
18998,-18.456011416357615,0
19067,-65.22934385058309,0
19263,-322.9885969455533,0
19301,-72.6515444347279,0
19323,-39.47593417464214,1
19348,-41.990688409838995,0
19378,-47.90681244542962,1
19398,-33.440899409480316,0
19419,-37.13396893542014,1
19485,-115.11988281951136,0
19499,-15.517122489591603,0
19546,-54.67939243460976,0
19566,-31.205679536736724,0
19612,-15.143104532183091,0
19677,-76.37364025881483,0
19702,-52.222211648631934,0
19779,-73.01277199772113,0
19800,-26.302058382945166,1
19850,-52.04623902843768,0
19871,-12.762503080720633,0
20872,-1644.6800822058983,0
20938,-121.81253529734109,0
20949,-17.016163830655753,0
20983,-68.90474954382984,0
21006,-42.44573126469042,1
21078,-122.91082671587202,1
21111,-43.59641158551303,0
21138,-42.92907717627279,0
21196,-43.72304553238497,1
21228,-42.38954978933893,0
21383,-274.0481888883326,0
21404,-27.37519907993906,1
21442,-57.12020320597084,0
21457,-31.168679193225515,1
21501,-108.61948675584544,0
21540,-22.042475077863884,0
21567,-58.615721342288445,1
21633,-137.06229891300507,0
21661,-40.211187459999195,1
21708,-110.56883285088114,0
22709,-1721.7699711924708,1
22728,-26.220069301992435,0
22757,-64.10223274677479,1
22824,-126.19822206988158,0
22855,-40.26221803795679,0
22871,-17.687876494247487,0
22883,-27.457393943271196,0
22901,-27.174667252335794,0
22939,-35.97156410220257,0
22965,-58.81028655654815,1
23016,-49.645587652958966,0
23044,-50.68495608715587,0
23079,-50.03837768728998,0
23166,-160.6444165157555,0
23180,-16.80992993585405,0
23207,-56.04927294920263,1
23230,-50.64969481857669,0
23276,-73.22993135162972,0
23294,-25.396701247966583,1
23302,-14.349932081779361,1
23359,-39.180865697770145,0
23404,-57.69871689762189,1
23414,-23.663406560844663,0
23445,-87.29463852699203,0
24446,-1831.651988498689,1
24459,-9.588336478175156,0
24482,-25.26173500056568,1
24520,-42.11595989396767,0
24531,-8.856110623007378,1
24548,-44.39912408370049,0
24560,-14.411376810803505,0
24586,-60.581198947547605,0
24607,-26.589598131052984,1
24670,-140.676055113165,0
24680,-12.020149805555533,1
25681,-1692.5920254361931,1
25706,-39.87812743726481,0
25721,-31.60590252787983,1
25751,-77.7491512752496,0
25764,-16.09061874985015,0
25784,-30.931213849493183,0
25814,-22.093830309993393,0
25827,-20.735943120643718,1
25884,-94.76300673323159,1
25902,-28.217322894535336,1
25921,-43.311859959788826,0
25933,-22.12719742548092,0
26006,-126.86876220370806,0
26018,-19.544838757307332,1
26032,-18.51376330461881,0
26092,-89.49335932668293,0
26136,-125.11371182809941,1
26168,-61.585876429824324,0
26190,-39.37414978847443,0
26226,-25.335302050605925,0
26355,-200.12936396494237,1
26382,-40.982920936206284,1
26405,-44.19780801272753,0
26447,-70.5644563675136,0
26462,-24.175970787088104,0
26474,-11.235285410068284,1
26488,-26.70508728104637,1
26591,-197.0511168545237,1
26723,-161.68645379572925,1
26764,-69.29329104432038,1
26782,-33.28707881318874,1
26794,-27.722743090361412,0
26820,-60.62682872662026,1
26867,-76.74829656498945,0
26952,-140.17270183414112,0
26988,-85.56633662429623,0
27004,-26.941211054040927,1
27017,-25.206626561270788,1
27094,-93.91518248450973,0
27117,-36.680223402376555,0
27163,-67.29276405405633,0
27220,-71.04292097164097,0
27249,-40.13441023434759,0
27289,-81.69277902500255,0
27301,-13.333644533649268,0
27320,-38.586170852380995,0
27394,-65.59141116571371,0
27420,-40.56727472378908,1
27539,-201.6814323225897,0
27576,-82.17319818808103,1
27704,-220.87920223814388,1
27725,-45.72707441160501,0
27770,-61.773194980363314,0
27795,-66.94596452259132,0
27823,-44.13413096267999,1
28824,-1849.0439828045364,0
28836,-17.50323827461419,0
28851,-11.137156936204551,0
28982,-208.98459304060438,1
29034,-97.90617569153734,0
29096,-80.73063247463597,1
29112,-23.453394814115224,1
29165,-67.48681497480452,0
29237,-90.60579681814367,0
29252,-16.83632511268226,1
29297,-61.81307171578756,0
29334,-71.71164874726159,0
29350,-30.568705147006483,0
29363,-22.570773045677957,0
29392,-56.80335933962072,1
29472,-118.89253255626755,0
29497,-40.054258937314316,0
29579,-116.60102690973346,0
29619,-49.462951935725734,0
29640,-41.7301364154548,1
29658,-25.04168847155348,1
29682,-60.00217089975523,1
29712,-57.452836870068104,0
29748,-64.8396945818998,1
29777,-21.666962474017744,1
29838,-100.20425400232887,0
29882,-94.50318715900664,1
29967,-165.78025953312883,1
29996,-47.39105945917518,0
30025,-27.726187559482412,0
30077,-50.118691613454445,1
30188,-198.77838679184342,1
30210,-25.38121749100317,0
30253,-80.30777376897736,0
30280,-46.260411879467775,1
30296,-36.98322367328598,1
30337,-90.03328180524028,0
30358,-21.35023703413436,0
30384,-68.27257863697035,0
30400,-25.1637467539756,1
30417,-49.215376307509985,0
30467,-84.50946005008251,0
30482,-29.836724132845873,1
30503,-22.264376037401664,1
30526,-44.06529898297459,0
30568,-59.65234348271246,0
30617,-118.02350815644697,0
30628,-11.251241914230128,0
30657,-79.81670375597434,1
30742,-134.67776219046272,0
30752,-15.06876618858555,1
30769,-31.74188482335475,0
30787,-43.101684654694104,0
30864,-118.95534445365445,0
30916,-71.19741336782079,0
30980,-125.28146620388657,0
31028,-86.5945810686837,1
31045,-11.083839491337322,0
31071,-26.71481450368242,0
31115,-60.05671377685825,1
31163,-67.03208490220183,1
31188,-77.74183287216874,0
31269,-141.02885195309676,1
31283,-26.535066475996054,0
31350,-115.07543579069682,0
31381,-55.59139418677265,1
31435,-62.744248562721985,0
32436,-1867.9642477857378,0
32522,-177.87896025584067,0
32545,-67.21549954520128,1
32567,-57.435687075013476,0
32605,-51.50693488170922,0
32677,-118.1312984514035,1
32688,-16.818945691699007,1
32702,-21.92240102570701,0
32741,-79.13768031808976,0
33742,-1864.3027383292915,1
33759,-6.237715585483456,0
33776,-38.89011812122823,1
33824,-70.57868583590235,1
33850,-15.530317611988332,0
33868,-8.576495436227155,0
33896,-66.95031374364214,0
33936,-38.82193842141281,0
33951,-28.869396516780988,0
34132,-373.38696214335124,1
34179,-110.40673484163685,1
34206,-27.240476041244378,1
34320,-235.85263955314656,1
34333,-8.855921224873804,0
34377,-101.98852561043239,0
34423,-105.43312698697848,0
34463,-77.26681788246817,0
34584,-262.286293946035,0
35284,-1304.7776479168701,0
35310,-56.03807110193193,0
35354,-93.55511947571782,1
35385,-58.804077956352856,1
35394,-16.400200608433373,0
35456,-89.1789004825555,0
36457,-1920.6115008802742,0
36470,-18.5560821106674,1
36478,-13.653260828877698,1
36512,-81.06255173477703,1
36531,-11.014893659153138,0
36561,-41.78637498435525,0
36605,-84.54963183835218,1
36647,-65.48691353902096,1
36668,-21.824243475558205,0
36716,-101.8759749541882,0
36734,-57.1365442584892,0
36770,-92.61487384513431,1
36798,-28.394797661846816,0
36813,-35.41299871861686,0
36835,-41.59687425803526,0
36880,-125.00559646332107,1
36906,-34.944464331756315,0
36932,-40.47428061114499,0
36982,-60.673389568671986,1
37013,-64.35636006170127,0
37982,-1775.439038757518,1
38001,-14.469000444048142,1
38028,-37.07030536461025,0
38052,-31.0786402181073,1
38078,-40.70259717061552,0
38125,-61.16189976644892,0
38189,-125.38714655500414,1
38236,-93.63354212235218,0
38344,-117.27282285456796,0
38456,-194.53475039528252,0
38469,-22.234897492749646,0
38494,-67.8868332858224,0
38596,-218.33290451010038,1
38615,-19.97636844261888,0
38633,-34.91310205788684,0
38649,-41.02506730938751,1
38730,-181.50535515654934,0
38774,-96.47153561730936,1
38817,-67.38950689241176,1
38855,-72.50703499048097,0
38925,-183.79744544502194,1
38945,-43.7989035455322,0
38955,-31.80915951386445,1
38989,-75.32846573425978,0
39017,-50.13312482905292,1
39040,-60.883889092182265,0
40041,-1910.1340287386965,1
40115,-199.2969855641885,1
40136,-40.69399218543631,0
40157,-39.155115287047394,1
40172,-23.531488677295776,1
40189,-6.921700879238254,0
40221,-43.35483758039041,0
40258,-51.49604536918246,0
40280,-44.09479237765735,1
40320,-62.86085723120861,0
40338,-15.273672556144373,1
40358,-31.127173127469387,1
40370,-15.677560949552674,1
40397,-53.515633464856755,1
40505,-175.88339100172504,1
40532,-39.65899974909493,0
40563,-54.65729089976324,1
40576,-23.023795529016684,0
40594,-33.858507822553044,1
40626,-53.927344165562204,1
40640,-18.319150120760987,1
40652,-30.98077003787087,0
40666,-33.81374602921554,1
40716,-39.503625368500494,0
40786,-92.6461935068313,0
40839,-82.38372219934978,1
40858,-47.68176969891527,1
40887,-89.98324666155919,1
40970,-208.35652096320106,0
40996,-43.435745750677754,1
41019,-63.524587371313984,0
41064,-95.59934577436215,1
41133,-134.4155420193603,0
41155,-55.69815930819483,0
41168,-14.315105971170077,0
41204,-92.83721649642887,0
41223,-28.451036178097333,0
41259,-82.63523633193044,0
41843,-1194.312234414861,1
41861,-29.077311103363648,1
41884,-29.479877668267047,0
41894,-18.476606116451016,0
41915,-42.36018078167181,0
41983,-122.07547808680268,1
42076,-263.93834849445244,1
42168,-154.58152669893607,1
42181,-28.42013808554369,1
42216,-87.58806172999135,1
42251,-68.13215232104231,0
42264,-26.104651141618724,0
42310,-71.1770322578662,1
42360,-119.78948715662524,0
42387,-34.744637635294374,1
42435,-95.10466737245318,0
42500,-119.97563287629583,0
42637,-222.952473152157,0
42656,-40.45850451178586,0
42676,-26.520694715975722,0
42713,-80.96065993922402,0
42730,-30.003923832857932,1
42749,-37.88041293007986,0
42804,-115.3927047358593,0
42827,-65.31126183978708,0
42842,-34.21519594723615,0
42856,-20.228992090892916,1
42896,-75.05791878832865,0
42943,-102.26499067209166,1
42985,-57.88561615939369,0
43026,-98.07410798836399,0
43041,-7.9185278890536335,0
43070,-38.066545565374405,0
43135,-146.83234415444701,1
43173,-61.73863727066929,1
43190,-24.015111994615363,0
43224,-57.14607013455384,0
43242,-16.49517693127056,0
43274,-42.71195384370051,1
43342,-116.91708737093956,0
43361,-25.028894811976446,0
43382,-30.307663943580117,0
43432,-95.25124168841364,1
43452,-33.86993871097763,0
43478,-52.5907311613841,1
44163,-1297.7307714067642,0
44202,-60.769163425317934,0
44278,-168.66439274664302,0
44292,-27.532661317632147,0
44421,-183.26629942584208,1
44493,-129.56278287537964,0
44521,-59.43716637293001,1
44560,-85.07164986792742,0
44587,-47.72456099724708,0
44603,-37.976275769798065,1
44634,-85.34294661334212,1
44644,-14.024430974870052,1
44665,-13.448928809793117,0
45656,-1910.5486785041928,1
45768,-253.0080661500493,1
45786,-24.33942494426017,1
45822,-75.60039706228494,1
45866,-45.27380348470295,0
45908,-104.57753654941365,0
45922,-17.45733585503191,1
45972,-36.99572700450962,0
46041,-124.6200510672129,1
46065,-53.790959787958954,1
46084,-50.72271273306569,0
46107,-47.93088569708149,0
46158,-54.34068361942985,0
46198,-62.13501064762441,0
46238,-69.68969597834332,1
46257,-33.704591812916185,0
46283,-24.185058124865353,0
46319,-63.13904915770808,1
46372,-61.69043599113155,1
46444,-107.14298126025706,1
46456,-26.196302875755986,0
46477,-39.07426791232413,0
46509,-73.91422112767339,0
46522,-24.94269551302213,0
46556,-53.570992674503735,1
46607,-87.37562694436484,0
46621,-29.484878688674623,1
46668,-87.28237662961816,1
46702,-76.50027922885492,0
46716,-30.324787987191197,0
46729,-18.079866987912126,1
46756,-45.319838519759564,0
46809,-57.51871795276692,1
46891,-172.51360543039442,1
47048,-246.57583392997657,0
47072,-71.91274184182983,0
47088,-48.24448007620389,1
47148,-124.135405968953,0
47165,-49.563807507138414,1
47180,-18.467277669314456,0
47245,-58.383119127179725,0
47312,-94.85977196711904,1
47345,-1.644712924708335,1
47362,-28.96921741619455,0
47426,-118.34398087742396,0
47454,-50.44089211589039,0
47469,-26.33984872433934,0
47494,-42.03966737672359,0
47540,-107.96351136261336,0
47553,-27.979604308520674,0
47572,-51.19158404976018,0
47622,-83.63508960130129,0
47634,-17.27934559014882,1
47646,-26.396812990042903,0
47702,-103.77177976138053,0
47725,-20.351112348360996,0
47765,-97.6869454745587,1
47823,-92.92054715337947,0
47846,-49.12868284225611,0
47926,-131.00432349486266,1
48024,-153.25718764922308,1
48035,-17.335514871745477,0
49036,-1997.9193405053682,1
49059,-55.84918751554897,0
49078,-44.12440457092061,1
49134,-127.12060942471832,0
49200,-128.37737877889492,0
49250,-114.23491476738872,0
49260,-12.833456794868244,1
49359,-162.89114217998647,1
49467,-216.87987079717536,1
49553,-97.96060523200079,0
49743,-375.296819866695,0
49805,-70.59553145832348,0
49824,-22.524212163606677,0
49852,-83.10459029154565,0
49888,-86.94330401460722,0
49922,-76.13186054195765,1
49933,-24.632397900982475,0
49950,-27.83481426526251,0
50010,-112.41381889257707,0
50034,-42.59186640456643,0
50053,-47.682888435066026,1
50076,-38.965273782888346,0
50091,-24.744922823934246,1
50140,-88.32192070160063,0
50154,-14.82081262564548,0
50173,-47.6522424114068,0
50200,-63.28149643529449,1
50279,-130.0644896121638,0
50294,-21.897206844806057,0
50313,-20.12811391016627,0
50382,-159.88292614688572,0
50410,-50.595697531562095,1
50457,-105.32849192092361,0
50570,-171.33325237197556,1
50615,-67.09937985337562,0
50631,-35.881513907406195,0
50650,-21.626231489147294,1
50682,-42.143738072004986,0
50709,-22.723749340066426,0
50722,-25.501495325870486,1
50738,-16.961725236416303,1
50754,-34.820706063300456,0
50787,-56.55116122306649,0
50810,-55.82104469001344,0
50843,-75.41104785542171,1
50912,-148.93995302148227,1
51913,-1978.6860189553602,1
51924,-13.10683189279582,0
51964,-81.75818615077003,0
52012,-104.6515789310408,1
52041,-43.82552527106669,0
52058,-30.892896778321088,0
52085,-39.56272739514783,0
52139,-104.92418947906086,0
52156,-27.32686044132986,0
52175,-17.540476730551855,1
52202,-77.39927854820004,0
52236,-78.75586629748152,0
52351,-160.75760040489791,0
52441,-179.20367937182132,0
52472,-68.65813157431043,0
52484,-25.02251533063372,0
52515,-46.81614020014315,0
52531,-27.490735870387475,1
52586,-173.65756488597043,1
52613,-21.629792249437866,0
52669,-102.87293045616856,0
52714,-72.001465102011,0
52735,-18.731320913449757,1
52754,-26.340886938528254,0
52769,-34.43451014403935,0
52786,-6.95854126239241,1
52812,-59.862283117027516,0
52824,-23.151467208363417,0
52838,-23.64754768650489,1
52868,-71.42862919122959,1
52902,-61.61579544204583,1
52914,-20.083656449283765,1
52937,-20.69537840171384,0
53020,-198.44565852983993,0
53049,-49.10841850703454,1
53081,-50.184668426607814,1
53099,-30.78353299750779,0
53117,-31.665718073635475,0
53136,-25.677573838241727,1
53180,-44.330623003496996,1
53279,-141.8478590554614,0
53309,-85.94177383810215,1
53390,-190.33957512781862,1
53402,-25.89168644881428,0
53414,-32.043090901851684,0
53498,-143.8961430855038,1
53511,-24.558190932836922,1
53575,-136.6031151274594,0
53594,-25.280612648544444,0
53610,-26.319850258848767,0
53630,-37.434935083551494,1
53649,-52.147154436002985,0
54650,-1965.4102436942974,0
54671,-33.14043061894468,0
54685,-14.244035856966283,1
54829,-251.55507382612853,0
54850,-43.15783409950322,0
54889,-89.36806365691697,1
54902,-38.9257376765952,1
54915,-34.35352087197005,1
54952,-64.47095193284235,0
55026,-185.98019867408587,0
55043,-44.27413813682846,1
55080,-79.84008154061102,0
55143,-92.4271195329825,0
55169,-52.81313031054351,0
55184,-34.04146313512604,0
55200,-20.763373917611283,1
55230,-61.06726485874565,1
55284,-118.21489856521194,1
55369,-120.60359743500656,1
55382,-24.35522683233556,1
55422,-68.01191994396318,0
55435,-26.01625409299638,1
55449,-19.693055422725823,0
55478,-55.04958843551609,0
55503,-82.77450748380069,0
55512,-18.389424807317646,1
55554,-89.53757133023065,0
55673,-259.811454335463,0
55725,-87.13057467723932,0
55791,-168.17921970251373,0
55837,-76.5270930885307,0
55886,-79.87147890355496,1
56001,-321.00361838428836,1
56203,-410.6126358602902,1
56241,-122.182429694393,1
56253,-17.913209897857058,0
56293,-77.91219223267075,1
56324,-47.10960585779045,1
56377,-80.36418031906851,1
56422,-114.09701957986005,0
56441,-44.43233759847782,0
56455,-24.698932868775376,0
56480,-50.862223019578686,1
56494,-28.765505134519003,1
56520,-36.75367434755027,0
56541,-43.2139295079776,0
56559,-13.29916967166904,0
56572,-23.409146340123574,0
56597,-33.731945179485365,1
56611,-21.258275281967588,0
56623,-25.977916701432783,0
56640,-30.04658885643213,0
56727,-252.4367534603433,1
56744,-59.07551642303409,0
56761,-18.71854095597204,1
56785,-63.26537104695844,0
56837,-127.72470027295039,0
56887,-101.85399518412883,0
56902,-22.64075706819783,0
56970,-137.81546091132753,1
56988,-22.030849034101447,1
57025,-102.38287407172176,0
57039,-30.52152976291394,0
57082,-64.48283076113933,0
57106,-51.516781618050565,1
57130,-30.351444573661674,1
57228,-175.12711395157126,1
57244,-51.24344410543003,1
57306,-64.56065452687582,1
57353,-89.8306033974426,1
57365,-15.545635157301597,0
57390,-40.762891088205166,0
57425,-51.917105178031534,0
57448,-45.527753653850745,1
57476,-87.22720363044142,0
57539,-35.980336589200945,1
57553,-15.86784544219981,0
57582,-38.52624039327546,0
57597,-26.618042913044945,0
57673,-147.7822737661005,0
57683,-30.598040034592124,1
57703,-30.995853755515146,1
57716,-27.149594180052,0
57766,-104.4530923357375,0
57778,-19.381739956663075,1
57821,-87.86457270345461,0
57887,-86.3988749300405,0
57916,-51.73603068686914,0
57958,-72.24891878138993,0
57979,-27.348425763327157,0
57995,-28.331628150079855,0
58045,-52.93418446129668,0
58067,-38.07633257568693,1
58196,-259.8273857345922,1
58223,-55.67042606139608,1
58237,-24.325525053784553,0
58259,-67.52938540025437,0
58280,-14.245017864650542,0
58381,-176.8845750418024,1
58416,-65.39426947745864,0
58542,-254.19075014621865,1
58686,-338.8917675139389,0
58717,-83.35351968555096,0
58765,-130.47756139382201,0
58799,-61.154885167383775,1
58814,-22.686101229937016,0
58902,-156.70272679087398,0
58935,-43.29393364293692,1
58963,-44.16964674954502,0
58979,-24.93853027532353,0
59013,-53.840816152495954,1
59040,-62.19063684158031,1
59057,-33.55623693794749,1
59073,-37.38428967766915,1
59105,-73.44317908536988,0
59139,-59.29423367739896,0
59170,-67.26051386799243,1
60171,-2007.7392141141067,0
60241,-126.59860618503316,1
60268,-47.5527940450849,0
60317,-154.68644945644078,1
60385,-61.70203245214253,0
60459,-125.62320844942765,0
60475,-27.907730330130146,1
60506,-52.74719716165459,1
60521,-40.6874537923146,0
60579,-90.26217912089214,0
60595,-29.596255634772234,0
60615,-40.84469769156713,0
60646,-51.05006581956663,0
60693,-33.444319798646674,0
60721,-33.52517717836388,0
60784,-144.09593493008816,1
60815,-73.98940013894196,0
61816,-1988.5561222543602,0
61914,-129.77903158413451,1
61927,-24.46631754127681,0
61971,-100.74429810075442,1
62002,-84.26137934041739,0
62042,-71.54037632743933,0
62060,-46.65601640896568,0
62082,-43.860961261848374,1
62106,-57.44489980525885,0
62230,-224.37571785488333,1
62310,-129.91176691520587,1
62345,-77.45885393564771,0
62358,-28.744310037719906,1
62371,-19.398355521660072,0
62395,-33.02284823254891,0
62411,-34.76116164873192,0
62436,-46.71255730043814,0
62529,-171.5343360581292,0
62570,-43.36130546338388,0
63571,-2039.1468788664456,1
63610,-88.12210884928567,0
63652,-94.58205775208735,0
63698,-68.02640470216299,0
63731,-86.6176777583011,0
63752,-29.27050003748424,0
63772,-28.55047996580545,0
63798,-54.896010501014985,0
63836,-83.65641753872723,1
63927,-187.3046058327372,0
63955,-59.097600525735245,0
64028,-180.1136023875403,1
64060,-76.48726119322065,0
64099,-84.53141474211083,1
64120,-44.02479253819695,0
64229,-290.73254192286987,1
64256,-46.43559979513851,1
64275,-30.952417415090835,0
64301,-48.356504823449264,0
64322,-33.81347207139852,0
64347,-57.70975989845867,0
64374,-48.98909021989064,1
64433,-105.05441704930993,1
64445,-28.76879046736942,0
64485,-118.00301706049237,0
64522,-72.3478614671192,1
64584,-123.32620629681796,1
64641,-134.5991879203324,1
64661,-31.474861331428933,1
64675,-26.665065186847606,0
64826,-301.41197725009636,0
64859,-52.64255288030628,0
64906,-108.11799253582346,0
64919,-12.338923577789387,0
64938,-47.47925252261939,1
64950,-18.947346525309705,0
64964,-19.71240505593246,0
64986,-25.698511999579615,0
65034,-98.38990674586258,0
65066,-63.57460343904838,1
65097,-78.27894143434271,0
65663,-1122.1893572096076,0
65700,-54.82840921014279,0
65752,-94.84955205791032,0
65816,-144.43055653780814,0
65858,-45.84128649020025,1
65919,-128.91440740461064,1
65978,-146.65132170075816,1
66095,-246.19795194915187,0
66142,-101.35856003432556,0
66255,-132.14506548575181,0
66274,-31.670412985321196,1
66295,-26.47777723463387,0
66307,-33.0310609364067,0
66330,-39.908342045460365,1
66359,-77.89366742541083,0
66399,-82.54502728569203,1
66428,-57.32342033123508,0
66463,-77.96105357851596,1
66506,-70.25812546353566,0
66534,-33.57884571866329,0
66561,-48.0673915321692,0
66586,-60.054493198252956,1
66640,-88.39295544789948,1
66661,-40.1602266001711,0
67662,-1980.32026113861,1
67685,-51.67607673852772,1
67728,-105.04181272974725,0
67749,-45.54070096699789,0
67763,-35.206157705223276,1
67794,-69.13848626076263,0
67811,-46.49855249435141,0
67827,-25.895134312282927,0
67845,-23.66168639143081,1
67878,-78.42464428366524,1
67944,-183.0725502190263,0
67958,-28.31808426483565,1
68014,-82.06347201986583,1
68123,-191.9551009628303,1
68139,-38.87508666471855,0
68191,-134.41400682729522,1
68255,-169.1029948676379,0
68273,-30.87046418921443,1
68304,-63.89843185710669,1
68339,-45.163061788148504,0
68355,-30.184212427856927,0
68380,-42.393816837006526,1
68412,-80.25391854401232,0
68461,-86.3224161742726,1
68474,-9.546933111801843,0
68503,-60.92102503338857,0
68537,-65.42911945184359,0
68569,-40.097709233730725,0
68595,-43.14181359533765,0
68673,-147.42504989093177,1
68725,-80.5508370980654,1
68742,-47.76351236362694,1
68775,-77.56947946459915,0
68787,-17.665912372067243,0
68844,-131.62795528434384,0
68864,-30.376956541627393,0
68880,-24.321683600943388,1
68894,-40.052169688365254,0
68937,-97.9893284397603,1
68946,-24.326185322933334,0
68979,-84.41888331940724,0
69012,-38.826156943482374,1
69030,-35.70499297199852,1
69043,-28.442481853054783,0
69077,-14.401169718880451,1
69196,-230.67036901698563,1
69209,-8.295189002926206,1
69220,-22.709776190003247,1
69245,-49.91532589100491,0
69271,-51.30574608466625,0
69297,-75.85833356040507,1
69313,-25.342146484192593,0
69331,-39.39299510284071,1
69344,-22.832357913620324,1
69378,-35.0093999461117,0
69408,-77.12969350283346,1
69422,-18.762217144245167,0
69465,-60.05520929566537,1
69478,-24.475049037989454,0
70024,-1025.410057676503,0
70064,-111.97428433711654,0
70116,-66.67501216826578,1
70171,-142.65378013560277,0
70210,-76.41277346412653,0
70224,-29.366284107412785,0
70277,-82.03092305033103,0
70319,-96.8797709231181,0
70359,-76.56587965509988,1
70467,-240.56632138656477,1
70514,-93.37756830360078,0
70529,-29.93134763999995,0
70548,-44.12801672902855,0
70613,-93.58522805774278,1
70627,-19.004876673912467,0
70674,-66.08240864535759,0
70708,-71.64206051932275,1
70720,-20.052938383198903,0
70741,-36.805628845237784,0
70791,-48.189337340567754,0
70801,-18.40828162171353,0
70845,-73.60717500225219,0
70856,-22.38954444229084,0
70877,-47.66684802521837,1
70896,-35.49604904751193,0
70919,-25.52382061232675,1
70932,-13.374639250908336,1
70954,-48.74385041396727,0
70975,-27.546312124369166,1
71004,-56.46162323880386,1
71104,-165.50017728718097,1
71124,-45.18146949801375,0
71150,-57.338630003658736,1
71168,-21.868779625826807,0
71188,-41.317405857915325,1
72189,-2016.3442045716276,0
72212,-48.7396053321583,0
72238,-76.4481797686146,1
72258,-39.98425326892693,0
72271,-21.792201155010176,0
73272,-1963.878782713181,0
73334,-117.030676361986,0
73353,-19.999185275258274,1
73474,-211.69517055131672,1
73511,-55.710209021975885,1
73572,-123.91318042481262,1
73591,-41.72563274327548,0
73623,-35.79303060432315,0
73646,-50.05684731889954,1
73705,-133.40221823032616,0
73730,-38.91464147132824,1
73742,-20.39699497745207,0
73763,-36.528755496028424,0
73809,-76.42032283278391,1
73821,-16.686774790646233,0
73835,-15.750072380152677,1
74836,-1988.6553813128376,0
74870,-60.64425178597514,0
74908,-26.610498954493185,1
74920,-20.9825737041129,0
75004,-181.97219748689946,1
75024,-23.9519152135248,0
75046,-37.01198085746816,0
75077,-71.1734553367508,0
75111,-71.47454833610708,0
75136,-49.485184626811,0
75171,-46.05880558685606,1
75211,-71.384805674852,0
75338,-291.3167196058002,1
75419,-189.33838121033804,1
75435,-45.361452442529696,0
75496,-139.18562618796267,0
75513,-38.78781176907718,1
75530,-27.561750761588172,0
75564,-59.22547374371518,1
75580,-41.04796924123145,1
75598,-29.221452197837475,0
75647,-73.64822389531028,0
75660,-33.4709540235305,0
75684,-39.45485347922549,1
75708,-51.210428598659995,1
75735,-27.21144738335935,1
75811,-158.6798985879966,1
75831,-30.131449459138075,1
75886,-86.13486728378865,0
75906,-37.28848744646002,1
75967,-152.36752349696408,0
75980,-25.119593797864447,0
75991,-19.74506584580385,1
76025,-44.09134869299722,0
77026,-2066.732921302288,1
77072,-104.08787089945146,0
77090,-37.78698259570384,1
77103,-20.996502016090677,0
77118,-33.70123625802254,1
77143,-40.54433641108187,0
77253,-239.2394839993161,0
77280,-33.224890665866546,0
77328,-121.64996506352465,0
77342,-19.798860683377846,0
77379,-70.63647666788408,1
77391,-18.013738055252826,0
77443,-135.41162763717742,1
77456,-27.084707571330384,0
77475,-25.85657239998733,0
77493,-21.664616861644312,0
77538,-63.31666448619648,0
77576,-78.79786222155056,0
77602,-35.782319727614805,0
77627,-42.93474412918349,1
77651,-58.404419284443726,1
77673,-39.84370328278856,0
77748,-145.98280877297938,0
77762,-29.937322910916457,1
77792,-58.13373479684557,1
77960,-435.43144574538394,1
77970,-10.445985642301954,1
77984,-31.027470375498655,0
78020,-97.67136607517737,0
79021,-2014.0843817756045,0
79053,-73.45042151473089,0
79067,-29.399887630723526,1
79086,-33.48417839809664,0
79112,-48.932366396428165,1
79165,-108.4550597648451,1
79186,-27.304794047616305,0
79203,-22.686447058392826,1
79222,-22.990208884488357,0
79248,-64.03354226515238,1
79354,-274.43117304348954,1
79368,-29.446670043730023,0
79401,-55.69707055097582,1
79446,-83.77310870895869,1
80447,-2155.902638416795,0
80462,-27.368308428416018,0
80484,-33.21017812113091,0
80517,-48.19455396021188,0
80529,-24.750734596612673,0
80544,-16.86419238056992,0
80558,-28.818542722157538,0
80591,-92.46665569954766,1
80624,-61.60606481642378,0
80635,-15.987564594146201,0
80673,-59.57373339434498,0
80688,-33.61693075119559,0
80732,-57.771882491217575,0
80755,-46.23933902466312,1
80807,-172.9609194249565,0
80827,-31.02838026731087,0
80842,-18.42010588572341,0
80862,-29.48111293240939,0
80915,-120.11428346770566,0
80945,-98.38226377188113,1
80956,-7.0950046919315914,0
80987,-48.85055043532188,0
81017,-63.86176126553751,1
81070,-91.15202745075096,1
81157,-151.094817543929,0
81175,-42.90241715104132,0
81207,-44.962827272516535,0
81287,-191.0478664094598,1
81337,-70.78512749111647,0
81374,-106.15657410182891,1
81393,-37.08690482435597,0
81418,-41.74394013323478,1
81495,-134.44119135498534,0
81523,-93.26982885909044,0
81549,-92.66843286520962,0
81575,-63.33216518772329,1
81597,-46.17590083445896,0
81622,-50.70596794771527,0
81639,-13.200799829354567,0
81656,-34.4537787342937,0
81749,-123.24221259879361,1
81764,-21.230114520747563,1
81782,-23.11099405689269,1
81878,-143.8293846712935,0
81902,-59.36939318045986,1
81925,-54.6101748555955,0
81956,-45.78562216670154,1
81973,-16.938793132956054,0
82046,-113.14347424898105,1
82074,-27.92451859551383,0
82095,-41.670991420250594,0
82123,-56.6145661029111,0
82138,-41.477053105344595,1
82159,-44.833257831794015,0
82183,-47.17018451517023,0
82222,-70.19393310199966,1
82563,-641.6001090029873,1
82608,-96.05457381236859,0
82621,-18.28025517062783,0
82642,-37.37961679276021,0
82692,-84.26594037438224,0
82714,-32.48312730446641,1
82732,-17.82198966248055,0
82776,-118.65963777228096,0
82787,-19.647062711647486,1
82855,-160.2960463508435,1
82888,-74.32220709893669,0
82953,-157.82559265084666,0
83007,-101.36337000136947,0
83021,-22.72459090435201,0
83036,-34.433020659912074,0
83064,-49.89227439990044,0
83079,-32.48908215819088,0
83096,-32.056173516286876,0
83109,-26.213413860149874,0
83132,-20.340614264738125,1
83150,-50.44613848883868,0
83187,-80.39870394974605,0
83229,-110.79683249123298,0
83273,-66.49931103447197,0
83291,-43.366756519980385,1
83351,-145.39336268876593,1
83377,-49.742990289293424,0
83437,-99.35192167158257,0
83467,-54.29859311582978,0
83477,-10.697599838026802,0
83490,-28.043232960394626,0
83509,-25.530278255969,0
83522,-16.40795437586379,0
83554,-52.93917570313565,0
83568,-25.764458168672117,0
83608,-64.59999305186821,0
83624,-25.596650432178944,1
83658,-59.54622416531365,0
83715,-109.45380102917386,1
83755,-64.07292062321874,0
83780,-43.723438070163084,1
83803,-35.64456057735039,1
83813,-12.912933357901514,1
83853,-41.03470683800954,0
83873,-38.23013218526935,0
83902,-46.461078378701906,1
83928,-55.66917826864058,0
83959,-36.82416109246194,0
83992,-34.75897265800609,0
84002,-6.075358646646038,1
84046,-72.80932918453128,1
84065,-43.22892802550463,1
84078,-28.728891439156143,1
84128,-98.21643505492644,0
84146,-26.029962072991527,1
84162,-34.97192576756948,0
84178,-34.4998691290816,1
84189,-15.91251918180786,1
84204,-17.079417085673885,1
84252,-126.79102220651957,0
84263,-20.32530113774665,1
84283,-25.256063755665686,0
84316,-67.01152077001557,0
84358,-67.3004538938461,0
84447,-214.7320073397684,1
84458,-23.617058311159894,1
84469,-19.921345832409102,1
84497,-27.435190877943842,0
84571,-163.6269929541257,0
84652,-143.70193560200585,1
84683,-46.3503426144712,0
84702,-30.638182324652515,0
84750,-54.611548337311184,1
84767,-41.734853573644685,0
84850,-125.93959034832764,0
84865,-27.442647288700957,1
84880,-26.169964571311734,0
84899,-31.45397228637721,0
84929,-88.45920788748664,1
84944,-24.506314863200842,1
84976,-56.24918085482476,1
84995,-39.56911742411821,0
85056,-134.73034486985637,0
85082,-62.11842814037615,0
85128,-91.92002187337043,0
85140,-10.633564879937254,1
85184,-59.12995495611073,1
85252,-131.13854764930457,1
85271,-54.16652947075275,1
85314,-62.08446317940837,1
85370,-107.6005375931031,1
85398,-7.571420581520101,1
85445,-104.89673486571289,0
86446,-2084.0571495348267,0
86471,-53.27187363591346,1
86525,-119.94843052844381,0
86550,-48.62118244173292,1
86561,-10.424310567251757,0
86578,-32.148265913490945,1
86597,-33.06375414385442,1
86645,-79.52121310146487,0
86677,-51.36088333557372,0
86715,-122.48065786539809,0
86731,-19.066166127730522,0
86757,-52.17582896874379,1
86799,-118.78135260404623,0
86846,-104.21045163691666,0
86872,-43.97744364745216,1
86901,-57.75955597352389,1
86917,-23.974068125705628,1
86936,-26.589209894763165,0
87014,-141.88596711637547,0
87945,-1831.7215521392352,1
88027,-186.05527649142053,0
88041,-29.572691349349945,0
88087,-74.05509861307893,0
88110,-42.97179065287799,0
88158,-110.66940590177512,0
88172,-34.32854178866321,0
88206,-31.80334495986306,1
88235,-64.22134930043673,0
88254,-42.867215043195905,0
89255,-1992.8590305078667,0
89283,-23.663509023009993,1
89303,-33.8730684676397,0
89335,-79.49504227628316,0
89349,-23.41922046502521,0
90350,-1958.3561938082169,1
90366,-22.017468825951575,0
90381,-39.209816530895885,0
90409,-76.98651265019083,0
90422,-21.954734712126097,0
90447,-54.811497136625,0
90460,-25.95232356207572,1
90507,-60.1874197188423,0
90550,-95.23621438521569,1
90601,-131.31922120670535,0
90616,-17.46719272788218,1
91617,-2006.3465562190306,1
91661,-43.23720268438688,1
91683,-46.72991523838339,0
91698,-31.63384937140749,1
91715,-38.93916429531913,0
91746,-65.90821356881457,0
91765,-48.281236069853705,0
91805,-75.36741100827501,0
91818,-44.75164245261068,0
91874,-65.27460680584144,1
91936,-98.82954262793295,0
91991,-72.71343620243317,1
92018,-79.56906360865635,0
92062,-146.01023385492408,1
92081,-37.815304604562236,1
92097,-31.232391816312532,0
92138,-59.888963430315314,0
92169,-52.005501159181755,0
92190,-41.01124299062616,0
92209,-57.36949531864396,0
92237,-67.56094558384231,0
92257,-29.585797502282,0
92304,-95.30868217406595,1
92333,-56.74623678441234,0
92375,-54.5624997813162,0
92397,-49.35270499528459,0
92410,-20.718338569986116,0
92445,-82.32214289127805,1
92462,-31.095833970449142,0
92500,-35.23202305558904,0
93501,-2033.2830600508476,1
93517,-24.04482001056204,1
93576,-122.48957702430916,0
93603,-36.12840479821463,0
93633,-43.66591155480706,0
93692,-155.78322558611154,0
93737,-97.72609317017064,0
93844,-207.0856275965802,0
93858,-22.839375587981326,1
93876,-42.22300651897256,0
93892,-29.35238467531162,1
93951,-148.47534957184106,0
93970,-27.768261015951758,1
93986,-45.23346821041354,0
94036,-90.00791559451984,1
94075,-85.60444106617796,0
94085,-14.457983216678796,1
94118,-83.19377947349838,0
94212,-157.36239454811277,1
94232,-26.527950331247457,0
94247,-35.026370752944544,0
94259,-21.870531706033674,0
94268,-16.751016334690917,1
94301,-64.00906808287016,0
94311,-18.75265852396832,0
94365,-66.51396053638581,1
94402,-58.68898947404344,1
94446,-98.75464404533355,1
94459,-26.692123317815277,0
94570,-240.7857080956515,0
94585,-15.289467018572369,0
94629,-89.48925632757758,0
94647,-35.42057649630636,1
94730,-100.391749157432,0
94774,-85.95898688340603,0
94786,-17.634378379948355,0
94809,-50.88800577112987,0
94835,-58.511443704247924,1
94851,-29.837355550887622,1
94880,-48.43252546320309,0
95005,-220.29123243927478,1
95043,-53.641373249830735,1
95060,-45.614387498158045,0
95078,-34.559490437428394,1
95087,-14.502236501282155,0
95106,-49.48448787050995,1
95176,-166.4163178474753,0
95242,-130.90146416348216,0
95255,-14.465690956086497,0
95320,-73.9248072997022,0
95337,-32.28342567528352,0
95348,-29.894017555327107,1
95362,-22.24404768596395,1
95402,-55.5871233981634,0
95420,-33.98321132593458,0
95469,-75.160835990495,0
95502,-68.58421636486754,1
95515,-29.765319458026553,0
95560,-74.07551931291825,0
95582,-42.68988322319804,0
95612,-41.492722270283565,0
95623,-22.809504805448622,1
95654,-78.19482250284635,0
95732,-188.80584492300787,0
95748,-32.54018493724622,0
95762,-23.98248468972287,0
95786,-56.56635239748157,1
95877,-253.49260805678256,0
95888,-17.74704945968987,1
95923,-37.53562496766123,0
95946,-34.444461317041416,1
95960,-36.93793056860474,1
95974,-20.46619806137982,0
95987,-18.36543922877745,1
96092,-193.06744708770336,0
96109,-17.535773289113234,0
96136,-72.21349908594716,0
96157,-67.87966381912135,0
96169,-29.02646876383502,0
96220,-106.15379096671133,0
96252,-72.14642373693069,0
96298,-120.88165073060279,0
96332,-54.07728965272352,0
96379,-71.10961658186746,0
96410,-75.28342699144142,0
96446,-63.87071430547386,1
96463,-22.061148147081333,0
96507,-54.12020577355661,1
96519,-14.404180505371972,1
96593,-91.40009981885494,1
96623,-65.33892415956615,1
96643,-24.442642727697223,1
96661,-46.51067814529232,0
96683,-47.66031792750558,0
96694,-18.653383859100565,0
96753,-124.17054705915042,0
96780,-53.197113153928655,1
96813,-66.58053635567923,0
96842,-61.701734652430424,1
96905,-73.02713899397727,0
96922,-25.95845169745512,0
96940,-42.171322745147116,0
97012,-140.7758360240168,0
97027,-27.555662737780345,0
97040,-25.897199786082936,0
97080,-102.97643872216022,0
97188,-237.51653736803738,1
97218,-68.91410330702737,0
97258,-83.36765280508328,0
97286,-54.09798060337783,0
97296,-19.739124520387534,0
97309,-22.542349471348537,0
97330,-37.07270424709007,0
97344,-29.815778879236397,1
97362,-15.898061405791326,0
97397,-109.79744178324864,0
97483,-175.4160583514177,0
97523,-63.66978909028934,1
97546,-45.16135710205914,0
97641,-153.78489938879082,0
97694,-86.66363796059653,1
97720,-47.43429168804705,1
97836,-184.75786680261874,1
97878,-75.06143225519448,0
97893,-22.310456832564046,1
97944,-95.4504772801599,1
97957,-33.00972552184818,0
98029,-111.86125151543773,1
98051,-54.44990211577804,0
98169,-236.23619850644528,1
98235,-130.06515339990204,0
98304,-178.32658498679035,0
98365,-104.59127789319476,0
98428,-101.10822092338475,1
98447,-26.414122588550946,1
98460,-23.030646539646856,0
98470,-20.061605039516976,0
98490,-38.02816696543653,0
98509,-24.518574929284526,0
98576,-132.66381698082873,1
98604,-31.667300821105787,0
98659,-98.23263997072193,0
98711,-94.39925612568499,1
98737,-67.5303803354333,1
98756,-38.91418900418329,1
98778,-66.10149002412656,0
98800,-29.167813560059372,1
98850,-122.29426915885,1
98897,-113.78521184711008,0
98950,-121.05566159161168,1
99008,-122.79465081239307,1
99073,-135.36547875105012,0
99085,-22.157226745889215,0
99119,-72.46334867847598,1
99132,-19.99523200811748,0
99144,-20.341714009403482,1
99171,-49.49709075311597,0
99252,-164.78836221854095,0
99283,-63.17038652368065,0
99360,-150.60174153054967,1
99379,-49.172428879332486,0
99391,-20.423538567080843,1
99406,-31.154137437492945,0
99423,-37.440653184678354,0
99443,-50.64849000422225,0
99459,-31.175025305415232,0
99476,-29.57397427814574,0
99526,-72.43600053811382,0
99572,-55.508033319353636,0
99591,-41.86697446492126,1
99631,-80.78492507942826,1
99661,-39.92422511489351,0
99673,-20.81037077639733,0
99717,-94.23138935953905,1
99818,-134.49568545806542,0
99884,-116.14349422016544,0
99895,-23.690866877400776,0
99949,-72.90819158265501,1
100012,-154.28773527393878,0
100095,-123.08172041472801,1
100115,-52.21690437718643,0
100131,-39.18646292434258,0
100162,-53.249203157571394,0
100232,-180.30253112381615,0
100262,-47.80966773116278,0
100283,-63.6129685886236,1
100299,-30.19708291532017,0
100335,-67.60846649762478,0
100357,-41.442866641931104,0
100413,-161.18329077985794,0
100448,-61.481602681990424,1
100461,-29.35867558297513,0
100522,-131.69546085884258,0
100559,-54.97235429130234,0
100603,-67.54024190022548,1
100658,-116.31296332500915,0
100675,-32.12612209781031,1
100710,-52.78525143481035,0
100723,-18.263177030556843,1
100737,-24.28874680300933,1
100773,-58.42267195022231,1
100795,-57.44718258197834,0
100829,-95.38782714679628,0
100854,-37.69370214180482,0
100876,-46.58891262538055,0
100917,-92.96832069584303,0
101280,-686.6171540970598,1
101312,-57.03338946664025,1
101331,-27.132021601701524,1
101358,-38.6818510348201,1
101381,-53.7172679831642,0
101408,-27.070333824700256,0
101443,-74.10669091166639,1
101500,-36.533849604977064,0
101532,-57.47299649652357,0
101584,-107.57079482107216,0
101608,-34.64491361137906,0
101633,-65.1844675840126,0
101656,-25.63335729781233,0
101719,-93.54184290346423,0
101733,-24.577901042855395,1
101763,-13.600208150390777,1
101814,-123.56256819279889,0
101832,-43.30499474286311,0
101853,-53.213746227355536,1
101875,-53.138979230841684,0
101886,-14.71062450939208,1
101911,-33.722597822273144,1
101924,-17.72456861219466,1
101937,-19.73397072576812,0
101961,-48.0226276249061,0
102962,-2141.2473768707296,0
103014,-77.96170190759123,1
103041,-65.60735961177451,0
103090,-101.02718926704367,0
103145,-138.31317357560275,0
103166,-68.10506828912959,0
103190,-82.08321070388685,0
103236,-89.19106807476246,0
103265,-32.293538837241364,0
103341,-186.60117896778544,0
103372,-63.98473275537045,0
103884,-1048.2656800935758,0
103902,-41.667350294602684,1
103912,-14.728100365898907,0
103932,-24.894125262316837,0
103949,-9.134130915918732,0
104036,-132.85137875618688,0
104054,-36.106672898867046,0
104071,-26.853696627070516,0
104185,-231.35105359295892,0
104220,-39.008159579280544,0
104263,-101.63914468666393,1
104279,-29.03472662316836,1
104319,-79.02459726488868,1
104339,-37.0265797818129,0
104395,-141.35708091198924,1
104432,-94.33026660461627,0
104452,-41.379792011394784,0
104486,-52.53580467568721,0
104501,-23.161223366356808,0
104517,-33.92930447479923,0
104532,-29.81093682024954,0
104551,-51.71852722593975,1
104563,-27.110842314057734,0
104575,-18.638312133284238,0
104609,-50.48566453037716,1
104620,-12.933465642337453,1
104631,-15.009429630737014,0
104661,-61.33828818002709,0
104710,-71.87000785688923,0
104799,-192.9836610116265,0
104819,-36.508153281087246,0
104851,-59.76803893890139,0
104887,-92.90522865409173,0
104913,-43.183591197242365,1
104981,-128.32969068196388,0
105091,-240.502331242583,0
105138,-133.11102189112813,1
105160,-33.837155831766346,1
105180,-17.909686608327178,0
105283,-235.24263747388858,1
105314,-67.8672952916426,0
105342,-51.753067265454995,1
105373,-78.35205160524163,0
105412,-102.7411579548214,0
105436,-48.27245463175289,0
105459,-54.374268016753966,1
105475,-46.92792076714088,0
105508,-19.572266582973246,0
105553,-135.7427475956161,1
105568,-27.261914544498485,1
105582,-37.735574054071456,0
105620,-71.11320548091005,0
106621,-1966.1914694973225,1
106661,-77.11555267192938,1
107662,-1998.6614529003962,0
107678,-24.73751446556208,0
107688,-26.918916447096294,1
107729,-65.87003877290783,1
107741,-32.21171375559856,0
107783,-110.74473545041533,1
107796,-21.181098327262767,1
107839,-93.63838959702137,0
107854,-20.952182497253645,1
107870,-50.155936527541186,0
107902,-49.302174999500046,1
107916,-29.336852356008933,0
107960,-72.66371533818634,0
107977,-49.13568174544851,1
108001,-58.12184876515114,0
108074,-148.98002526872804,1
108087,-20.33269061593387,0
108112,-19.769468529413597,0
108132,-32.294426671370445,0
108150,-20.44876467428401,0
108163,-22.884638213322997,1
108276,-253.84121760861666,1
108288,-20.32232710552528,0
108449,-331.20530852776255,0
108516,-113.57267820341927,0
108549,-98.16473557410937,0
108583,-99.78265689803156,0
108627,-66.43437187137738,0
108642,-37.45386882553697,1
108659,-32.23109319518763,0
108673,-29.854733195832388,0
108693,-55.44632691131331,1
108703,-28.32849448775559,1
108730,-88.15612688434419,0
108830,-213.32573355103574,0
108871,-94.1833075321465,0
108900,-52.172666652373756,1
108912,-15.04327214006955,0
108931,-34.49753890164483,0
108964,-49.8577075165537,1
108982,-28.916577025513085,1
109007,-57.250733680223036,0
109060,-124.51040022512603,1
109091,-65.63981755057462,0
109134,-95.12975855857452,0
109174,-105.17021105603871,0
109211,-54.41225898432313,0
109224,-23.648608887602308,0
109260,-70.63080684757682,0
109319,-129.98330774732494,1
109348,-59.68261577562789,1
109481,-234.43677567184577,0
109506,-53.941226424611195,0
109519,-28.369053509280107,0
109546,-42.733778135086325,1
109574,-43.86570063601376,1
109592,-24.76874367868786,1
109609,-19.790785619285657,1
109627,-26.207221871147503,0
109654,-32.704701252020584,0
109689,-35.22464378759383,1
109732,-94.65805150276384,1
109755,-64.15532838691097,0
109824,-145.54200366189002,0
109844,-49.37585893020386,0
109856,-32.36525576374548,1
109950,-148.55436190836642,1
109962,-37.07940766109799,0
109978,-40.53596270257842,1
110053,-161.20327360603767,1
110066,-19.029835319649276,0
110128,-165.12762063425157,0
110159,-64.50089117592712,1
110183,-53.952709284427115,0
110199,-43.39377953937493,0
110209,-28.24601799835711,0
110220,-24.65191722523758,1
110250,-44.53888993814709,0
111251,-1939.2002912096152,1
111270,-46.810701262390076,0
111283,-37.796082064781444,0
111329,-100.44177817761812,1
111406,-170.82543637702867,1
111424,-15.383108118107897,0
111558,-276.89353244406226,0
111602,-97.22205351724266,1
111635,-59.806976294480975,0
111690,-108.51720302599811,1
111712,-30.84422299412603,1
111752,-69.2571688379857,0
111769,-24.690351268298265,0
111779,-28.87314825094731,0
111810,-116.53435874394732,0
111830,-27.714584431394435,0
111840,-15.725126268383043,0
111848,-14.98037707757586,0
111866,-33.82431312979126,1
111878,-36.841508591485386,0
111898,-37.71341663010326,0
111943,-89.75955805022895,0
112944,-2017.639076466805,1
112972,-51.13139677156681,1
112983,-22.977063424010964,0
113033,-91.69309783171265,0
113066,-51.803879121291075,0
113089,-49.75894655565779,1
113100,-24.083595432794812,1
113120,-12.556997281854123,0
113264,-287.12608117836646,1
113287,-35.11122484442045,0
113298,-24.06281512693832,1
113326,-53.420440807739034,0
113378,-113.66688198961633,1
113418,-59.69880991636689,0
113456,-51.407509289045024,1
113487,-80.69010472181918,0
113501,-21.721841987000428,0
113533,-58.312760951539616,1
113555,-43.05354779208616,0
113572,-48.27563052386524,0
113604,-77.78213583553936,0
113631,-22.761831924847545,1
113654,-64.81833344836446,1
113667,-16.21530129080212,0
113744,-166.8375320134053,1
113777,-89.8662021330134,0
113821,-109.63799969670286,1
113843,-31.37308974278822,0
113900,-96.17736062742273,0
113923,-41.802335577479845,0
113938,-40.002301544892106,0
113959,-35.57476165254619,0
114037,-156.3174884409312,1
114052,-49.61295471410267,1
115053,-2093.44464774428,1
115080,-51.96440182674667,0
115092,-26.624386600634793,1
115123,-68.606573702963,1
115137,-15.684859607391608,1
115150,-19.740277321016265,1
115243,-239.38506306997556,1
115267,-43.73868377632023,1
115309,-159.6167021563562,1
115359,-80.90886656514279,0
115368,-25.183004848510514,1
116369,-2076.5332082260556,0
116534,-381.9714280894557,1
116573,-84.21845707534514,1
116611,-85.31470132228283,0
116624,-18.100355264605717,0
116641,-23.014757496243284,0
116655,-18.16490152648749,0
116677,-39.09390942269512,0
116690,-32.65277408268981,1
116711,-45.16945179528507,1
116761,-73.05341115124548,0
116780,-64.88533921636886,0
116812,-68.97610504025036,1
116836,-27.84948088307411,0
116848,-23.28127568680261,0
116861,-19.794251989247343,1
116901,-63.375232829843284,0
116928,-43.91481273195894,0
116940,-13.960974248276383,0
116967,-36.97038541210078,1
117005,-42.79459102354139,1
117023,-37.31533681049998,0
117108,-129.85237084632868,1
117150,-48.53663331232368,0
117184,-73.21514615811806,0
117213,-58.307758968517554,0
117240,-45.90557546297125,0
117259,-46.34603649155092,1
117333,-226.55833093482204,0
117357,-36.643942881977296,0
117372,-29.909540810048107,1
117395,-36.77516495543685,0
117424,-81.75571800578561,0
117450,-52.60273270534784,1
117467,-32.54977876977928,0
117478,-12.936252859393319,1
117494,-40.99808242434813,0
117555,-115.9320127554492,1
117581,-45.82155950078529,0
117611,-66.83258626972182,0
117621,-12.367278017080084,0
117654,-70.37978197522958,1
117677,-68.15315134949955,1
117699,-36.61096204231147,0
117737,-97.14124259398326,1
117775,-152.45228652277456,0
117788,-29.441958656512536,0
117800,-8.786073329258597,1
117887,-154.2840702680338,0
117917,-70.24240284032442,1
117932,-27.18477033690835,0
117945,-31.907023030446986,1
117965,-39.670820505091214,0
117980,-27.948054801195177,0
118024,-63.68676181841352,0
118051,-44.34382765622663,0
118108,-127.74392787502872,0
118145,-88.0725657197846,0
118154,-10.982865557567859,1
118178,-44.931266865800374,1
118187,-26.03922666266353,1
118237,-134.0772209345871,0
118263,-51.07673370615587,0
118275,-19.335611570799006,0
118313,-85.12037959208706,1
118336,-76.7692808653638,1
118370,-84.15479090758156,0
118389,-42.39114067205305,1
118452,-160.02264343980028,1
118465,-25.162057863978543,1
118505,-82.31979202668568,0
118567,-113.88842658178058,0
118601,-77.7266494409669,0
118694,-192.28531266635042,0
118708,-29.19318853238179,0
118731,-65.86028114941496,0
118773,-100.68194649436107,1
118797,-63.068589283497346,1
118817,-39.943013266085536,0
118831,-37.51551564354199,1
118853,-72.06601901136212,1
118871,-28.268960980870986,0
118897,-41.030214454927275,0
118911,-31.046654851276447,1
118933,-30.83869496542011,0
118951,-37.08915716975796,0
118977,-49.832219600961885,0
118989,-22.032980648100214,0
119028,-72.55263978956498,0
119044,-28.88445806026616,1
119057,-15.464189531736192,1
119080,-59.836866180062415,1
119111,-53.25564808441133,0
119120,-9.029240424731944,0
119134,-26.381438130110332,0
119197,-88.83498855420741,0
119223,-63.94519560088834,0
119230,-13.289224277928888,0
119255,-29.873983895108154,0
119364,-230.6007414615173,0
119436,-115.99774410450082,0
119457,-36.845152530622734,1
119487,-20.735346173804587,0
119500,-32.714075034744006,1
119533,-54.82621949730089,0
119580,-85.5948666323153,0
119596,-40.332490668501926,1
119623,-35.88435386558965,1
119685,-130.02163980785346,0
119711,-61.55811296513236,1
119728,-34.36595961451721,0
119740,-17.938710087604832,0
119756,-33.00233035515386,1
119774,-27.091063429494813,0
119796,-14.82320397716957,0
119821,-61.586543816565445,0
119842,-42.324565573216276,0
119876,-83.9226716890137,0
119915,-84.97004131009126,0
119931,-18.846443337406964,0
119961,-97.99147822913389,0
119984,-72.70049791761784,1
