global_step,episode_return
233,-31.772557160633973
409,-105.21789405353003
452,4.1918245594885555
604,-7.07427185592557
1043,-127.93908138102482
1151,-37.87427259194078
1170,-25.30998330032758
1227,-19.364187089659396
1271,-47.30926005411764
2271,-414.2679028828166
2327,-15.61866960710887
3327,-310.696059556704
3375,-22.138106501111075
3391,-0.8158952367640082
3482,-36.78000500291731
4482,-280.4326136707487
4520,-22.999169187233115
4549,-6.434190617804306
4567,0.4654905361076638
4630,-25.53240066677909
4643,-13.792471277388458
4676,-21.688080865447457
4716,-0.3345889131798552
4845,-45.05742500452917
4912,12.800389282387494
4948,-5.53195832605106
5192,-382.416493196435
5225,-98.93141761535695
5271,-60.30858855440367
5298,-52.78034566886898
5313,-31.391252255785496
5341,-58.71880420705612
5373,-20.342809923308785
5416,-88.85331388230281
5455,-27.664331489159377
5478,-41.43946162980333
5506,-76.39439357129865
5581,-126.6061310302145
5661,-150.0826051559074
5677,-24.969554730635956
5784,-183.948669169254
5807,-45.44725291065201
5835,-67.75992310849128
5904,-160.09908987545128
5920,-32.30673171596014
5985,-85.03910629348752
6009,-59.17336343271725
6127,-155.31175973443473
6173,-65.97877508284016
6308,-279.3219930135533
6384,-75.30328576959813
6458,-99.05746751102467
6494,-49.51724280721297
6553,-72.66452887263614
6650,-120.08837161203249
7650,-1589.5424271549482
7669,-27.984906450866927
7718,-69.04558727160413
7759,-59.0051827801713
7844,-120.89531486182553
7936,-174.04086853015963
7980,-73.69552343400399
8011,-39.009824264731705
8121,-121.43985732678013
8232,-94.86061588166561
9232,-1099.3732869431449
9452,-237.57197687757645
10452,-900.7938279710755
10522,-64.64168429593005
10796,-191.26939086164307
10871,-59.01997199547617
10930,-32.77520879516595
11178,-200.1854327050081
12178,-587.8225623976983
12195,-6.68740587719642
12309,-33.85982259615021
12431,-67.57100291294236
12449,-9.56486509869813
12486,-0.6723808681404906
12597,-41.779342180349055
12663,-14.190996634321882
12923,-185.27368077900832
12970,-5.786463853746341
13970,-429.5630184876606
14036,-26.011406734361433
14090,-45.5916048247748
14136,-48.467666987941534
15136,-484.8346562973574
15226,-37.75992775235228
15250,0.26358030716320835
15270,-7.816609590088308
15399,-31.495608002655768
15464,-32.75224979641196
15522,-37.369396089191866
15550,-48.1856431153965
16550,-432.95228407619
16663,-51.416327870439
16752,-61.103124018485204
16862,-27.004266115374943
17192,-57.84662448146342
17239,-22.483424182821675
17504,-148.35308033111468
18504,-568.3037178629542
18518,-8.483406407553474
18688,-130.28185015821123
18723,7.750456100812914
18805,-97.01863377423886
18896,-60.842872901614754
18912,-1.1998364065052205
18924,-5.611580207544865
19182,-170.88585647822552
19203,-11.769068571896415
19387,-131.3477895682411
19535,-105.76402225526216
19556,-12.377838176475915
20556,-663.6109884516004
21556,-647.6548586619588
21570,-9.03403117806083
22570,-592.6773369918254
22688,-58.89550987548554
22718,-7.011128742556452
22747,-32.91067841464666
22822,-66.07183695245789
22874,-25.10847539779054
23093,-170.71036590641842
23121,-31.11657793588045
23345,-123.47045840155688
23379,-0.5427829674966496
23439,-10.621479986741678
23551,-74.6505554718349
23585,-9.071751483750294
23619,-26.273013364404594
24619,-550.6710760593647
24700,-43.92502079965696
24771,-55.22319852729449
24908,-41.44171214937668
25043,-82.99700514235158
26043,-708.5127122385148
26098,-36.04781284457224
26119,-12.444474915252378
26174,-33.46345580879729
26308,-55.81662764890871
26358,-57.730875023875235
26436,-30.551975862239726
26480,-42.67735994932624
26498,-11.931052232277333
26523,-27.063308753994253
27523,-641.2419282372199
27533,-9.385002037885624
27674,-107.25360764471068
27760,-9.58071012861261
27858,-76.71523645072763
27888,-16.731292006163656
27912,-23.68290558640266
27968,-61.97341838264708
28042,-56.67765657722239
28130,-21.188561916043035
28156,-0.5735177501290318
28225,-6.028180025167107
28234,1.0445530787085102
28307,44.495053233774144
28372,-41.740845337632294
29372,-763.9899142780937
30372,-714.1725118210722
30429,-19.97113032020946
31429,-678.4464925383721
31442,-8.151043970243201
31463,-5.195860859444723
31514,-21.646802063064104
31534,-13.482958091224539
31546,-8.261507315405217
31616,-54.88251881032211
32616,-763.4862415192271
32708,-48.556853760786744
32779,-58.15778344430225
32816,-24.909734829816205
32867,-19.049065760512256
32955,-32.69109336077511
32998,-20.949827053496325
33046,-16.760520065428032
34046,-739.2165734209362
34109,-73.74064283516758
35109,-629.7303749049947
35124,-10.276592702500444
35386,-307.4148577864844
35402,-2.2097277964496085
35459,-11.298080802321168
35578,-148.09554812400054
35633,-25.697993908094222
35759,-66.91344821992948
35863,-43.08323954512413
35929,-84.33051059935426
36010,-66.77122028084037
36347,-134.12500913403133
36428,-75.47954157649275
37428,-696.2934317595224
38428,-715.7995612039631
38476,-17.089733323432643
38508,-17.022561597286167
38549,-45.98613463294015
38564,-14.728593766264044
38707,-87.91204631650194
38722,-20.71724608903719
38975,-99.24478142909726
39016,-14.519415325719976
39093,-27.680902089541576
39128,-45.672277898326534
40128,-745.9012545188325
40191,-19.8921491820439
40249,-58.889728898341424
40272,-11.801172279385508
40291,-4.7361194145388374
40341,-43.42949986058963
40363,-5.952886919011635
40375,-0.21507779883709754
40539,-104.70404351890232
40590,-29.092036261101235
40685,-96.22435096397042
40880,-138.47205271980658
40954,-45.41506856491657
41003,-17.97742358562325
41123,-123.42374598360331
42123,-680.3117062419337
42341,-182.2902852939963
42389,-33.26539336354587
42441,-26.73608075580091
42559,-43.292087805128205
42613,-34.40780848820496
42634,2.7244464670162913
42748,-50.20386322620348
42784,-43.16842741484243
43784,-698.4731790530108
43818,-19.971779520310424
43893,-51.02200383283596
43938,-38.05384834993191
43952,-0.11972222571105506
43989,-47.342882143363425
44326,-208.97878853751666
44664,-220.77847662955494
45664,-789.6610850769639
45682,-19.215033429383638
45715,-33.516488722309575
45819,-51.74960178483918
45877,-63.1121918961503
45928,-8.701566115249953
46129,-111.92672498294127
46231,-86.53753325977945
46347,-117.7000540228432
46433,-68.34845770721577
46474,-26.557385301240437
46498,-24.933930237021446
46526,-30.402784838255364
46568,-31.61753198083961
46704,-91.52951633722851
46744,-22.988738320465718
46867,-82.53078702929604
46951,-20.832228855327024
47056,-41.517464220568655
48056,-806.8759341493754
48147,-28.86558001330892
48187,-32.75509535711174
48222,-7.699344018041767
48297,-18.67622904236648
49297,-817.8919911004771
49383,-13.734250165873512
49410,25.861478585699523
49515,-38.932558450398076
49577,-12.853853873229237
50577,-783.2457403052586
50657,-83.35172521597994
50730,-49.937166537235825
50749,9.454173811595528
51749,-737.2682646835016
51763,-4.140238678723709
52763,-757.2392834843814
52901,-63.214966245774406
52997,-85.95846152962072
53997,-792.5895484936381
54021,-17.86346430922041
54141,-112.19234557945937
54415,-95.60664126697704
54526,-58.131879861327974
54579,-23.779992956099957
54661,-55.47376936991322
54713,-37.531731032788834
54791,-43.62460131799713
54853,-41.123013405867226
54873,-17.399432231307976
55873,-849.4423098234297
56031,-60.780480851730346
56113,-59.30445652997967
56279,-35.38327197642821
56463,-143.16894274884652
56531,-47.801557990262836
56541,-6.195684892023005
56639,-78.67792175289583
56678,-35.05502109312151
56692,-9.379226364013803
56790,-118.46205855669284
56953,-121.94376290837985
56972,-20.593076593032233
57077,-54.080565225657026
57270,-92.9497979927646
57393,-116.30348347674878
58393,-810.900277714342
58416,-17.027427715911102
58647,-145.30744489873248
59647,-869.7227431685615
59791,-23.00127789364903
59831,-33.1517572287282
60001,-81.30675563403683
60031,8.605883095993196
60279,-144.92103304078924
60296,-20.604636984630968
61296,-777.415395188678
61384,-40.84021695426496
61463,-54.62742625081694
61495,-23.714323090749062
61540,-28.551511762498478
61630,-38.95423201334472
61640,-2.6292297770587547
62640,-821.865977077725
62702,-90.5207913520285
62733,-22.26826347031949
62872,-164.97414652001203
63872,-804.6147354977855
63921,-24.33424036539625
63944,-3.696476528429955
64101,-177.04271047252863
64133,-26.93896654341618
64279,-124.49913540300055
64353,-62.11464691995863
64470,-117.06482375523225
65470,-791.6811148591306
65486,-21.815778028381985
65511,-29.116439879055786
65556,-29.103313678281452
65612,-36.37818671292695
65790,-172.92343373097265
66790,-838.8719966783773
67112,-157.97494062499794
67241,-87.9500972956195
67391,-116.13864351531961
67511,-97.84471153233119
67542,-11.197994430606435
67564,-10.887142469943502
67647,-44.14649134942056
67718,-67.22232675253382
68718,-771.0503931758834
68784,-21.29082515853089
68969,-120.48990578224567
69017,-15.55121794221927
69169,-68.83526181649061
69192,-19.255902692157104
69306,-107.09970011300781
70306,-916.5835717616096
71306,-729.8162705294429
71419,-72.95637044563661
72419,-865.0451865203568
72479,-19.63279103297533
72584,-89.41335360762527
72655,-49.809348594248895
72782,-106.94995981152888
72837,-12.226264894939257
73837,-770.3272614138526
74028,-146.05536378204775
74045,-18.512369028368887
74078,-25.61014480735703
74168,-94.95581626049024
74278,-71.36199554494648
74341,-13.069020764523586
74442,-46.152885119354224
74469,-7.966645099375581
74500,-11.90244197642171
74539,-37.01977964365389
74885,-358.96313075403333
74910,-21.9022893152536
75910,-765.9182138073559
75970,-35.74993286286118
76970,-883.8176784778732
77054,-44.77396516561382
77098,-45.35408022842621
77182,-91.04973426537114
77200,-0.049658562324882194
77231,-14.553856469074592
77481,-124.62608233213528
77694,-124.80601494896939
77732,-20.3804482273661
78732,-847.934601070877
78819,-76.81687266820886
79819,-749.9607981713699
79885,-33.485750436571635
80026,-107.9076336653758
80086,-38.08989950437139
80164,-79.74977692445026
81164,-876.7227173328204
81228,-55.971556231296645
81265,-22.388775341564298
82265,-827.9201722761181
82312,-26.11054494517979
82351,-33.1306365168403
82485,-109.79930137247061
82522,-25.561986395499414
82660,-64.61883590807548
82674,-14.799656190017664
83674,-919.7620844519191
83695,-19.992153752465548
84695,-940.2122968514109
84744,-39.93696832940507
84830,-4.1283798414207435
84895,3.2116412917719828
85895,-853.3700925026588
85910,-22.199983140131835
86910,-882.7754901319955
86937,-42.68001668826731
86970,-0.15436311559471694
87000,-17.125427897453918
87075,-50.31386443308761
88075,-928.2972180773439
88338,-143.25154933516774
88472,-86.74589945585629
89472,-944.9967196537372
89609,-150.0161372678352
89688,-67.34113446744345
89737,-24.209793137976185
89767,-42.04233544699452
90767,-963.4987424537965
91767,-954.2585371368291
91858,-71.23494247938574
91902,-13.216415153781057
91985,-91.15225675940749
92068,-72.86604979329249
93068,-879.7010040480145
93177,-52.8346128321978
93271,-91.9476023165304
94271,-926.6683375527907
94527,-271.4649040793198
95527,-898.3357156326099
95647,-90.88477366294617
96647,-910.4720268523653
96660,-1.33403112243424
96712,-38.92886621104158
96777,-56.378870461898586
96806,-46.00588454936191
96861,-63.092066382523036
96917,-75.27532657710044
96927,-14.465801247390916
97008,-74.20044471043558
97074,-70.0789311943164
97085,-6.061484829489409
97305,-155.68480267478762
97428,-54.30478441757397
97491,-45.179473668896364
97682,-266.5848851220205
97830,-98.59963754468157
97844,-0.6401112586507123
97854,-12.438420015289372
97902,-29.705975777313977
97943,-19.90073202073176
97986,-35.280700248232506
98986,-1002.5406250374625
99986,-947.9999487315124
100986,-1020.8544805054894
101038,-58.85992921085234
101071,-8.343745986388415
101142,-40.26229083684143
101328,-161.26897449791733
101503,-87.16218292533199
102503,-986.4354838341991
102708,-139.46477628192676
102830,-102.49581188108483
103830,-876.3212743594735
103987,-63.322205853564036
104143,-96.73398707654442
104171,-24.51707438169469
104284,-113.67218643024918
104299,-3.9765199412845127
104371,-41.90534827818453
104415,1.5138095391034572
104516,-84.86152411904843
104611,-36.23708083553771
104640,-20.911662071131683
104654,-16.70147231520657
104718,-33.343507094985135
104848,-111.50889990962436
104995,-138.62276771436188
105033,-16.272229305298584
106033,-933.2662413338904
106073,-39.54963991894375
107073,-1069.6674846860394
107201,-144.82808473415867
108201,-962.8142506790841
108421,-254.2116508327118
108442,-14.87946752791498
108498,-0.22207277577780093
109498,-996.4696523904745
109608,-67.85992934124253
109714,-91.13132065289942
110051,-304.48536760177535
110109,-52.053683111556865
110208,-61.89076621128716
110355,-193.057710152258
110484,-84.06893590930915
110507,-1.9626990812595895
110561,-71.2887027356788
110706,-99.3130211377257
110848,-121.71772023275236
110875,-12.614108931585646
110909,-22.435517734382543
111024,-111.15467490953722
111184,-184.88148713823566
111279,-82.43446743577172
111367,-49.496241698448415
111495,-100.47505946164719
111528,-21.29319602545138
111575,-28.26808063684541
111623,-21.741600621771035
111777,-101.9413628009902
111858,-49.58801101047955
111896,-49.98930948321718
111915,-5.830374315809719
112534,-657.8355049426316
113534,-1078.1759384792924
113631,-54.2175947564041
113648,-24.631001026487485
113671,-21.43000379815512
113684,-6.325273663688244
113697,-13.884677270591322
114697,-1073.1346802246683
115697,-1020.5044380029207
115848,-182.23508869043874
115934,-58.95835907439296
115997,-58.14166101608273
116064,-18.361273107714993
116078,-25.910012246269233
116129,-13.2778135482124
116165,-24.91199350442719
116317,-133.45951082162523
116396,-79.8590947469413
116509,-55.01293111918888
116579,-21.94055294941211
116661,-62.470641641540915
116689,-44.46129346109151
116722,-35.13070080929174
116854,-104.48139164586935
117045,-222.87834577750985
117080,-7.948514049405374
117164,-45.363191207335845
117285,-88.51584843047205
117437,-148.60282904258344
117549,-122.99280251148373
117612,-77.34391901970014
117701,-96.72905565043685
117753,-41.82676266432723
117828,-50.41872119205077
117842,-3.8033032732522756
117909,-41.310375844905
117934,-33.80180717802039
117988,-28.06535204479643
118087,-32.31876106365059
118231,-156.24060349371524
119231,-1026.9588604626786
119257,-25.433572031145687
119294,-14.641455317362452
119315,-17.826123669056294
119377,-53.15245833959779
119543,-158.6401658284727
119584,-15.701122486204225
119722,-142.18613827483927
120722,-976.2158145958228
120860,-140.05385060487666
120874,-22.46738460430275
120936,-37.64547793246799
121026,-92.06520897627134
122026,-941.2450853088499
122073,-31.368129540580103
122117,-36.56474305164769
123117,-885.8159242934191
123142,-30.480054062028987
124142,-934.4444655852041
125142,-841.8534580123649
125182,-4.254556503874286
126182,-903.9043980552358
126435,-150.05275480029633
126686,-158.16063315497564
126855,-122.69077342047272
127132,-190.0464433642325
127176,-6.33299080482428
127189,-8.168792877901694
127234,-61.72350699007632
127257,-6.759487332115697
127363,-175.49676741750295
128363,-932.2067667041093
129363,-1114.7192161173944
129448,-78.4976937990889
129507,-58.91503346905252
130507,-968.2817453377276
130518,-8.12979953723853
130574,-19.89725925750924
130590,-17.971819220044107
130644,-76.35201113173608
130822,-216.78044873298452
131437,-609.701796068605
131465,-11.957957440867037
131532,-42.837839828825544
131781,-211.65182119631896
131802,-25.820737519604414
131838,-34.11818378305981
131916,-62.13878929670923
132916,-932.4812424478081
132962,-22.453446338663447
133049,0.3095328724587523
133108,-44.73784761771159
133149,-1.9636770496858498
133248,-113.24567202570813
133272,-29.85734383407707
134272,-968.2978621952839
135272,-901.5352039026781
135367,-45.46829746218224
135562,-127.87997221856394
136562,-814.860818499353
137562,-826.7647630545504
137679,-101.92297855157153
137836,-50.766285716009634
137863,-16.408420655873456
137933,-46.495878581637584
138173,-162.16605037832338
138216,1.7989361208414651
138293,-1.5932140766384906
139293,-735.7585042254568
140293,-773.7980233906931
140389,5.431581459298062
140428,-6.230746032708705
141428,-729.857453341273
141537,-28.509161258324394
141619,-45.634277243745444
141697,-58.9009915066821
141762,-47.23003396963535
141829,0.6758040082659109
141886,-20.77117038692133
142886,-872.7589889508387
143886,-865.9935006987588
143979,-65.18421183266459
144020,-44.724578803705526
144091,-58.438639478100406
144174,-31.7996821801445
145174,-888.4333597047877
145253,-36.03854915167436
145305,7.332210863802652
145361,-16.08101773153506
145450,-52.85564269533323
145602,-174.7833958300266
146602,-747.6985692289686
146750,-56.72716772538906
146795,-28.218928016813294
146920,-30.442513952289463
146998,30.660115224577225
147998,-742.6702658436278
148025,-13.04666552806803
148231,-60.8814418972575
148283,23.485419567689274
148413,-37.06021607149773
149413,-637.5259346119789
149689,-149.030698778015
150689,-593.1139997937793
151278,-299.32372796899597
151406,-16.107036782643686
151666,-125.16830427291438
152166,-226.2989231526148
152629,-129.88649692745636
152730,-27.438890195498878
153730,-391.4579642699432
153775,-11.726834051757711
153912,-61.96652790123933
154912,-593.3982996532171
155912,-652.840868738418
156024,-35.78400034495906
156130,0.8316136535701162
157130,-657.6929423009649
157187,-26.104509393830952
157276,-45.07935811758169
158276,-538.8750711979944
158356,-84.86190582329553
159356,-512.5967893552181
160356,-637.3525546298695
160569,-120.61814377974025
160709,-56.266921108872076
160808,-27.26956287298541
160972,-71.30351543621751
161113,-136.76100845179525
162113,-523.3397686296789
162435,-73.22680832774952
162738,-167.86635203969587
162758,-7.040895869150135
162783,-13.027793504000055
163526,-384.18551445026117
163633,18.93188437268266
163772,-47.680187392826646
164772,-474.43392583064156
165663,-508.0262038717693
165836,-55.21318562631974
165852,-9.223573129722578
165888,-9.081873016293613
166888,-504.37201689072236
167075,-57.54436114698699
167307,5.222694267961941
168307,-445.6544389370012
168425,-13.93714698123052
168465,7.910153134701586
168529,-0.0561339245292356
169529,-484.7494789334581
169679,-63.60073428310953
169853,-81.18537718396426
170853,-608.6542633487647
170880,-2.7413943563266288
170894,2.1404964334230696
170982,31.603026288606017
171223,-42.52501336465701
171239,-3.233229278921004
171508,-140.72924476362965
171554,11.122863340729157
171672,-26.991430660629387
171786,-59.32607705757743
171940,20.26645142533736
172171,-155.5277183379616
172481,-72.57071981870232
172520,-32.63196554879362
172781,-17.98045886435307
172837,9.2931839242985
173837,-488.09691825499215
174837,-401.69994863090903
174997,46.883487783700105
175997,-435.3493400678379
176997,-468.95058097099184
177090,26.139507637520964
178090,-420.42640649685086
178115,0.32379288681194307
178131,3.502568511293217
178170,10.682262078825943
178390,-15.128153644167167
178457,14.069812215262825
179457,-368.7286902714384
179500,11.59594052811553
179610,-13.648015816676018
180048,-252.40570592073172
180124,29.562842750545837
181124,-461.2313061466578
181243,6.267437815007959
181286,-14.483259609372041
181799,-60.24787705480256
181848,-26.46494725380214
182848,-458.39108390374514
182891,6.271083830479923
183891,-534.0902274768844
184891,-450.25875474358537
184951,12.705372246121595
185640,-218.08511089926975
186640,-342.79914154784365
187640,-475.6818892243171
187673,-4.269067159278488
187741,-29.27411608712187
187884,-63.47921438675036
188884,-473.5798439382049
188994,-86.61088114745041
189098,42.9498469009981
190098,-520.1204830326808
190334,-42.10016571534744
190371,-0.1474557771491325
190608,-84.15674014409647
190641,-6.1786897328965456
190765,-57.51210529759689
191765,-470.227529914524
191866,3.155688486881507
192866,-423.95908166332424
193866,-519.076442098076
193999,-17.832691222237024
194021,-7.55924675954411
195021,-475.34737319864394
196021,-356.1329095641107
196044,0.5839460622850774
196082,-12.40404726201413
196110,7.50459875829492
196228,17.064776461374798
196282,2.8406021032157858
197282,-525.1465742052375
197422,-30.51897780151949
197466,6.715555246081079
197525,23.326762796012666
198525,-560.2088541182941
198580,-0.5333450870094882
198645,-20.024505410769667
198731,-10.258068030776398
198900,-6.539858778517967
199023,-45.12858663377729
199224,-86.81168416613184
199253,0.8167857534653233
200253,-536.5044976996058
200490,-17.693080353837306
200750,45.0105032953099
201121,-38.28961575450924
202121,-529.389282266049
203121,-609.2459629087576
203166,9.300560669037553
203614,25.829958705246042
204614,-608.6758479836245
204717,-3.935756872891316
204823,-65.61839852182761
205153,-52.330173954413326
205340,-20.882041619622015
205389,44.65634220619047
205466,7.813365125966598
205760,-83.07070085224112
205942,-59.61684589664683
206015,17.98300240245834
206102,-0.8238816977138441
206254,-26.402595218250973
206299,-15.632465758378455
206318,-2.6799653588383903
206633,35.2866175404087
206665,1.7224448889183614
207665,-417.46056905193143
208665,-439.49894960610845
208694,7.174782252578002
208742,2.008463455441942
208813,20.97553224566532
208854,9.335815467293159
208866,4.31293444432475
209866,-103.67189410063271
210866,-333.09633122029703
211088,-1.382994833955511
211209,-0.8433492259385345
212209,-435.0825051792614
212229,23.568006869936582
212767,-228.6970942836909
213767,-593.0887177500831
214037,48.389923993150745
214201,-4.400788033319416
215201,-451.4572084011742
216201,-124.35494554380716
216261,-6.4932544303827076
216313,2.1532221494696167
216419,47.11220439317427
216447,8.493925376812523
216569,12.405930527216446
216886,67.36490491666724
217364,5.5902435307645195
217524,-41.23747756481685
217829,-70.97734353555259
218829,-445.6052047097833
218965,-48.49996150051169
218998,18.412183967999255
219998,-369.03433132017494
220998,-391.7587119016437
221998,-565.1588998378656
222018,-2.1099003092780073
223018,-342.223559126975
223228,41.322520293756504
223443,-23.86659381139754
223499,26.29950836553222
224499,-464.95240495024126
224562,18.154788289323974
225562,-365.7155121701049
225642,35.99603725504175
225765,-27.134115158881087
225865,28.36864265506228
226865,-498.1869913627663
227865,-391.41429270351887
228865,-321.4336755842457
229865,-456.77984814271724
230865,-443.96963267766245
230885,2.5352454108325984
231014,42.27260291667666
231338,72.98751463146642
231355,-5.55770546382505
232355,-438.30994985689756
232468,2.055829680421759
233468,-418.12165924598884
234468,-306.7552534445797
235468,-426.3213098042469
236468,-188.7224111961762
237468,-413.8384687449447
238468,-273.2543273177027
238549,35.591195273130914
239549,-466.7573021605011
239803,-35.293165694324315
240803,-493.6538250187278
240882,-19.503122833426964
240907,-2.845562933691542
240950,-8.371710915578149
241298,16.127187600004543
241407,-20.495103429268053
241460,1.4631901106416705
242460,-468.99318901347164
242585,36.29391910193756
242596,-0.4473108865654849
242606,4.362931326311722
243606,-536.2267244446844
244180,-38.5783181349107
245180,-404.19012288533
246180,-529.1429830910962
246363,-24.838322313861447
246670,10.887743469057401
246833,-19.498290726459903
247249,-6.6842653577646995
247263,-12.01142507038525
247331,-22.43735594705777
247556,-40.11046669878652
247659,67.33295777487814
247775,-33.54451175311332
248016,47.457560365988535
249016,65.56593215432802
249033,-6.044584249788662
249440,116.11545426149817
250440,-507.7479242394274
250464,4.121292115315752
251464,-480.4100181775246
252464,-453.8375053046678
252511,-7.581713870841284
252732,86.93663219728882
252868,4.797484617360174
253112,122.26182983482119
253269,-13.593087995972223
253558,-14.096601605904945
253819,15.072136275904922
253881,-11.596787901188627
254881,-178.85208914281287
254907,-4.776353105251797
254975,22.040894686944235
255161,28.218743876164783
255431,36.039341941026954
255554,5.821128017674734
255630,8.85150155221611
256009,-76.82673951460212
256116,-23.532799798941294
256271,1.6829303046314283
257082,-370.39010232328224
258082,-413.2130243456447
258092,0.9933168275349868
258482,97.11344890711067
259482,-262.2452000898722
260482,-248.6191816261401
261482,-497.5800721648677
262482,-389.2378016635931
262533,6.0421287954746825
262725,1.5144285171318632
262809,68.30591077192831
262900,0.030606374343084664
263292,180.83443072585675
263521,50.608306464766045
264521,-434.1963485738237
265521,-351.6451934922291
265592,-12.800365279220117
265610,5.175368171372382
266610,-461.58001160302894
266621,-2.9355051763422066
267621,-391.1862640445534
267686,25.868044647047093
267873,112.02415591734051
267948,63.62597977955235
268652,-313.8223185361984
268852,47.79764832752084
269037,60.58860203538826
270037,-533.8024882520082
271037,-550.4771215944866
271099,-26.655438203605968
271126,12.488303821660798
272126,-451.589647030635
272163,-19.697059790595063
272222,5.814086242280433
272480,-45.351575440434864
272751,48.11883104100585
273228,-88.17871522630381
273248,3.900892420648743
273378,30.44673499180573
273484,-3.5097742523814084
273595,67.12000839535307
273620,5.106791155108727
273771,68.89891467671465
274771,-476.96222966259523
274905,73.66368395823
275905,-255.7426544069434
276905,-544.5489180998579
277268,20.07241105797855
277354,15.099520433812794
277432,15.247092115506781
277441,5.276369999483651
277547,45.45083883248813
278547,-350.64235587399713
279547,-409.66067010043827
280547,-363.1840531742854
281547,-225.41040416992738
282547,-365.6030508391252
282869,108.5168303653823
283869,-404.4558338899547
284869,-517.8986720009339
285254,-17.49604550146598
285602,48.124300754666635
286602,-417.12519596553796
286802,60.721756213968646
286858,46.05554195300204
287031,14.572640333822559
287064,3.281715790680791
288064,-426.6969335611351
288325,50.21761553157539
289325,-297.21427827525804
289414,-19.67414412222174
290414,-383.7184662037599
290655,80.87243074416429
290732,-0.16296155727059514
290759,15.031454135896603
290793,23.889530461754255
291793,304.78829676094966
292793,-357.7443198787845
292979,76.22450473728233
293029,-0.8994828697258948
293108,52.947162021596355
293225,71.15923678648406
293345,49.07867063804435
294345,-292.4934687733979
295345,-481.99307322967644
295763,-13.216362071810618
295960,135.42022344924766
296654,0.2052375118751364
296889,20.294068255837324
297536,-120.79681833561142
298024,162.80724909426274
299024,-101.658088136015
299304,28.33711225361496
299343,14.602571193552077
299566,-17.97605550169612
300566,-331.123368781267
300760,28.44175174173001
301760,-348.9189694794094
302191,68.46093219561946
303191,-319.79008012896753
304191,-191.0803001448609
304460,87.20462145169856
305460,-297.24081010335135
305632,11.038367070431192
306244,105.57862131842123
307244,-369.1769468263933
308244,-307.77704678499265
308772,-75.89504257579824
308911,-23.808531571540062
308964,10.66595096834294
309399,145.85579293877018
309577,-3.836271038976184
310052,-72.39917913032303
310172,21.937022779270396
310943,-76.79734157754459
311943,-226.95763868672776
312137,84.20091132787394
312249,30.51553128743174
313249,-170.07533555641476
313531,138.22508818883483
313561,22.600215241636164
313727,16.724683716213146
314727,212.80097913626992
315722,115.22308462495974
315916,-37.01917756896045
316101,1.9956333375534347
316199,25.69865685665874
317199,-187.93139545387353
317535,-93.82915151096768
318535,-269.51535179825066
318629,13.012550861631947
319629,-127.37558390777235
320629,-105.06369006569331
321629,-58.11876150449768
322629,-177.47279438165063
322814,23.297507238732756
322913,73.13257758042059
323913,-281.77248306915067
324056,14.463267112187578
325056,16.02096992612335
325433,-28.307877514194573
325553,59.5102604385319
326553,-178.0416094386329
327553,-23.218666115719543
327595,7.353351544731304
328051,187.38054246414782
328066,6.748376416242955
329066,35.659517109234145
329500,141.4902143242585
330500,-214.85349318830382
330634,38.06595399473978
331299,126.17083122690023
332218,447.878314223011
332553,167.24068293781775
332632,51.084698759150406
333632,-47.7450800180734
334632,2.115874464324747
334870,43.65372949587431
335870,453.5727292060519
336472,266.28046328561584
337472,-9.462646159772996
337672,69.45980744593268
337763,65.68752815523834
338763,-61.732233681850865
338798,-7.8333165738979975
339138,74.94604542974679
339248,18.93808259381901
340248,-15.65611526451812
340560,76.63576831023981
340854,168.1743922861083
340874,-8.6102416319717
341874,-212.6780403584875
342874,-48.913486954438646
343874,77.24340235334938
344874,-87.07480863647639
345087,-15.94687347965541
346087,-29.23498417594574
347087,23.571660686268068
347312,83.33987916523704
347388,27.212615757438318
348388,138.16768071443713
348418,28.240336054630713
348734,80.74276863483473
348836,48.84877929251846
349836,56.50925279004338
350836,143.23528471897367
350922,58.35033001400162
351023,86.44584362530671
352023,144.68644520315524
353023,283.8454648410892
353338,230.66223265496706
353524,93.7266654831183
353571,15.645072709951034
354571,-4.140346814746576
355571,258.28875808485327
355621,31.839325055395058
356621,131.69851347013915
356916,150.81024306094452
357916,50.96666175004432
357988,23.225612960203605
358536,209.90977064381087
358617,46.39599603714535
358664,47.78197882883798
358714,73.68278070497648
359444,359.74141243660983
359882,140.5214057443093
359910,21.742414017066043
360262,159.00978570416564
360486,100.51662025558869
361486,-19.27771485035238
362486,169.70303974104792
362797,111.46973094280912
363402,258.0480457700988
364402,333.4353735031483
364808,119.12141803576955
365808,188.26522871090845
366808,-49.612789809495936
367808,124.27214313619139
368808,89.59454182798022
369248,213.84498060736667
370248,717.4788880101437
370282,26.830621191063788
370369,65.66222406561712
371369,584.5396370074556
372369,264.70727178819084
373369,571.4233300203477
374369,282.0121213555572
375369,365.43192258591534
376369,109.36805075373255
377369,445.5023268865053
377678,237.9723307448371
378678,372.1550536979778
379678,444.7868903349887
380297,499.37829108095013
381297,754.8232535331863
382064,555.5534834869446
383064,660.7798289269926
383113,42.20448860548769
383771,313.1640957597258
384329,367.58599307828973
385056,533.0944193651552
385306,135.23686482813
386306,427.27722542936107
386355,37.224203851084454
386681,186.91693260975768
387681,193.7178568783332
388681,171.77761022974585
389681,276.86502508833695
389852,56.70788648060316
390271,290.2537255256566
390843,474.18359773324335
391843,490.0955358680934
392843,559.5470819093317
393843,197.82518216837371
393853,5.520351679356558
393970,74.40848848795268
394276,171.4858441339265
395095,495.94028420296604
395189,78.89309460856046
395936,419.4636917270188
396936,251.3738157838133
397936,245.26397224475517
398936,515.9475266676886
398958,6.464998265453302
399958,311.4790421483724
400172,134.72662167086585
400583,361.3122585508155
401583,150.86517074291933
401740,118.84120544500135
401939,142.61342295632636
402939,509.4055939445126
403575,605.714774620379
403621,37.92469724489666
404266,628.914506370394
405266,448.8343705590516
406266,261.6827169094837
406365,109.36753186286329
407365,414.1476858533348
407599,120.64797004837996
408599,242.71116498050034
408750,120.07162632112725
409750,927.2357667851685
410750,232.78223458860023
411750,332.2578792488175
412662,683.198091338887
413662,357.72728875913265
414662,408.42848940957276
415662,300.66230951744296
416662,249.80033320406014
417662,799.8956060078713
418517,704.2437337458856
419358,610.7210176571517
420358,380.42280551895095
421358,756.5778037017653
422358,488.05319422616526
423358,377.35946212900706
424358,278.8619865434989
425358,1143.3258854496823
425989,808.2097551153727
426003,6.245159745086675
427003,602.1426674826149
428003,283.89018185757305
428659,544.6917569445387
428734,71.90630194399486
428802,58.836860812062056
428890,91.8963377196879
429074,172.72305959952564
429874,700.9363159496177
430226,391.4770649412121
430306,95.80459655263459
431306,700.632378412818
431518,202.7301451366268
432518,776.3046141223508
432550,24.92360451583551
433402,625.482355298819
434402,864.5919595482918
435402,771.9878917302084
435947,611.5590058104398
436947,745.7595226521644
437947,464.35849112733683
438947,891.4768665681802
439947,233.1412889230368
440947,438.99048656197795
441020,61.2721722366552
441036,16.719955105973693
442036,433.6108592537523
443036,739.437536908182
444036,385.46960564352725
444526,553.2293396301624
445526,729.9456205151126
446297,822.1063992868936
447297,973.7640467330175
447407,96.6006647148129
448407,922.0684255114962
449407,760.3018707006047
450407,470.82293623416973
451407,1134.934465553814
452407,308.64410497102295
452873,477.9417497630735
453068,168.17514748032812
454068,942.194912342964
455068,411.7962572584213
456068,774.8327316222625
457068,1209.651721969218
458068,664.2956628763592
458183,117.13225287311596
459183,1085.1102519677515
460021,1075.717381899285
460871,920.1236477959985
461189,328.92696824854744
462189,569.734035860213
463189,1243.7039815540052
464189,1306.848827492888
464575,424.3897775821795
465575,700.8890727350711
466575,735.9132110915476
466594,18.009478637948323
467308,760.3196169879136
467473,223.3864536426448
468473,874.4564911025584
469473,1301.1464951097626
469792,534.2318009037056
470643,1109.2648016689482
471265,774.1581990821662
471517,343.8866014853521
472517,409.7072125585696
473517,474.58328170381907
473545,38.35431660134478
474545,924.6638369131338
475545,853.2975526729064
475838,59.917128893394754
476088,268.5969460022107
476120,24.019716040208493
476607,624.0106332072958
477607,613.9462825063733
478607,1254.2678314019752
479607,521.9593835687779
480607,1154.428028734934
481607,820.912888201397
482266,636.7887236644262
482452,259.59895748364914
483452,478.9993904832818
484100,902.1105111529447
485100,568.1818548727017
486100,1396.5305939634736
486149,63.77491596411666
486295,234.7002024197654
487295,791.5597965011691
488295,1091.4551979503678
489295,583.7198470765727
489466,201.4873658494239
490466,451.43506265393
491466,1062.9640244841783
492466,526.0377093777793
492517,92.41376752616233
492945,545.4292237565402
493945,1290.3074270317127
494166,234.44198357074026
495166,561.9089730886103
495388,295.07114746887873
495539,174.79740105979565
496539,578.5933286987859
497539,1037.203449392778
498539,1086.9134592821351
499539,1313.040977704447
500210,867.805134139152
501210,800.3409092636196
501409,348.46963683580015
502155,1058.7706485660656
503155,1298.0763210035248
504155,747.5445559760589
505155,1120.0380197688514
506155,1148.850403363116
506200,72.2968782098476
507017,1243.3746439911529
507759,970.999229293453
508383,881.6761166246887
508669,366.235972934183
508757,135.40997498973712
509244,630.0969868178156
509624,514.153664062714
510436,845.8843008060669
511436,534.0172907833219
512436,548.0559325134723
512557,138.5766191909563
512661,76.2293670220669
513661,620.576610684474
513701,31.321130516609102
514666,1261.9146964307624
515666,411.2076665180146
515726,54.3697015110753
516304,1007.0033384668088
516537,329.48417252807224
516771,362.9606766147075
516860,155.74115137829023
517319,707.024216948118
517339,4.357491790912944
518175,1385.2671630156246
519175,585.7790721350734
519410,336.721573424452
519453,74.53767733333679
520453,430.0416265902793
521453,1493.6859210958223
521748,360.24280646256204
522313,753.6404634430878
522439,145.8276511364194
522873,595.4902294056371
523264,510.17738245448317
523676,313.47047355764374
523977,391.84038971996193
524977,428.5552609347117
525165,223.04973411658696
525381,372.8232672646982
526381,585.8128223065341
527381,579.2193572508822
527417,34.859223601778766
527466,70.21449866818405
527910,567.0339733536154
528910,1792.3819690703606
529028,106.22504576792267
529572,900.5845314186945
530572,1007.2822951649715
531115,736.0375172395663
532115,493.48027814718625
532310,345.8883881907484
533310,589.5894998178471
534310,1376.9112619321795
534407,113.89623105022754
534430,38.79239682575061
535430,479.0874865347308
536430,400.50752486144955
536639,312.7528920186178
536794,242.54703884962933
537794,1068.2654937466705
538794,368.6426676368378
539794,388.92720002944503
540794,290.6960007555842
541794,436.35430722264556
542794,698.5294898452335
543794,981.2350392849104
543839,73.13282288855531
544839,401.80825630811376
545839,322.6351828789271
546839,629.2266374453585
546889,53.4445648946467
547049,225.65953454062736
547412,597.8700392867922
547614,304.95576059010784
547688,115.51758500482413
547975,443.7908524701932
548975,405.4213125299659
549975,1497.3401345018926
550222,346.52555394653956
551222,897.5960208912306
551289,68.80401274692417
552289,1459.4543922554817
552422,217.95235497883655
553422,1568.127015206296
554422,1248.422831714259
555422,814.0305930279212
556422,1051.9032483727065
556708,565.4422076388131
557708,428.3437677029133
557774,93.80460566578225
558774,636.8774114185026
559774,532.9450814078621
559888,198.9092353903198
560888,434.7148000289376
561888,997.4962543920009
562888,1199.9875779317865
563222,623.0548407127573
564090,1734.9718930083225
564172,91.21697351375624
564415,400.7517474996755
564500,133.9907369103116
565066,903.137968621822
565078,13.812659911205017
565347,376.7696523734923
565968,892.5611688674766
566154,308.43251041242956
567154,493.8343678802199
568154,914.5860738538004
569154,449.2872551447954
570154,870.219996639556
571154,401.8389814605129
571534,592.8611918485061
571784,462.83445883502543
571845,80.53601242146823
572845,745.715557687654
572970,235.18877622187026
573705,1265.0942647930115
573989,411.01359506662635
574989,311.02627867385627
575540,886.2845324377013
575624,134.49861748262765
575725,153.44108146910025
576725,1518.1552417093899
577725,1453.9483380207898
578087,565.555665195855
579087,1076.3370743026746
580087,1595.567068271091
581087,1126.8635836034027
582087,1885.7645799225397
582172,146.69611670959677
583172,449.836281071503
583820,841.8367808916829
584092,460.68178190975993
584285,344.3275791814886
584931,1144.0595651712772
585021,151.80601645253427
586021,552.2553473235387
587021,337.2606037428788
588021,1203.700015506235
589021,392.15732883902444
590021,533.0972271275532
590109,145.28703636205572
591109,474.35338921709496
591332,251.4782448793359
591407,104.83132239886966
591518,152.25991196074278
591562,67.73989107891893
591881,574.2705388248988
592881,656.758780126678
593503,1108.8241444744408
593513,0.7266901538234862
594513,924.7263274902031
595513,1074.0667168699463
596309,1203.9448986243965
596386,84.1119058400251
596415,50.513211039651104
596861,661.1585316157334
597861,146.78756143552008
597981,203.45106912073913
597991,-1.8397655577973984
598991,603.0430556854944
599010,11.727786281372012
599021,3.6758718133429595
599183,209.5048664965251
600183,629.7573163412299
601183,834.9609461712527
601987,1149.9418345704298
602987,803.3210560055794
603987,511.7221590944493
604572,818.3777158451896
604750,271.18278208472105
604950,331.87598382828503
605365,555.0631134099611
606365,1636.8565839037176
606828,860.4247098010907
607828,1742.2993942872695
607977,231.49690796280447
608478,772.7374102530549
608564,153.95425038952905
609564,819.910613449116
610564,430.7342651968257
610738,289.0853406812514
611399,1089.8522828307482
611555,341.4577739287046
611754,325.29050411726746
612754,1762.061924474575
613754,1688.494140159157
614702,1976.5691769703449
614987,641.5761211728947
615083,172.28420046039196
616083,1053.448254148292
617083,315.2065379856357
617216,166.68315107291193
617488,414.8481319833704
617977,945.0702809663285
618977,570.4569916473605
619977,1558.2164972811445
620977,1538.4807956539994
621977,1395.6851375258755
622413,737.3381120734041
622602,354.22882201732523
623602,1906.6414453728019
624602,1992.180750603519
625229,1181.5605289322614
626229,683.171303339341
627229,764.8953678782447
627667,722.1656407691898
627962,594.7501825480498
628962,1532.1780351373748
629962,362.576105171645
630167,325.1622346912646
631167,294.7507717657974
632167,2066.061067473448
632419,443.09637046309047
633419,850.2167632368015
633906,803.8972278042946
634026,213.428440349112
634183,246.33749157676442
635183,991.1596724632519
635219,28.975569357956505
635744,775.74103880689
636744,320.452349860829
636851,169.87310746008393
637851,694.90680508062
638851,1875.5734472059714
639851,941.4314504255725
640851,580.6713598575502
641851,897.6332981241509
642851,1598.8509881875245
643851,456.15178452930195
644851,585.3776908383416
645321,810.3082211951158
645370,99.65631949404128
646370,1657.9362665125252
646401,33.20633744530319
646486,155.59773995318636
646875,690.9186379134734
647329,782.9520895920684
647395,65.419492902687
647688,543.9413954543932
648688,558.9338784803571
648847,217.9674743801473
649847,1665.6386377963618
649858,9.883730345894216
649961,217.31575439856508
650961,1188.0216090753029
651427,933.1190365793316
652427,833.7935203727038
653427,897.3193914543018
654427,1555.9119291300278
655427,1297.8787873104527
656427,1849.7721205752766
656667,341.97536122444643
657667,1634.10529260461
657789,188.4157318689552
658483,1169.7086238473355
659483,1489.775862964591
660180,1164.380974905886
661180,1059.0369561226064
662180,1921.8192069562215
662491,645.5205051586133
662501,4.006095254969765
663501,1507.0456560914295
664501,1120.5628162070986
664598,138.90897828450235
665598,649.404743595542
666598,1222.4539024664844
667598,1100.6719166336713
667828,402.26785094479783
668828,669.3250495109284
669642,1524.251540134041
670642,595.3979682686244
671642,1685.8333220204884
672457,1405.370972662191
673457,1312.866032856338
673542,194.52765674309765
673577,54.15621788218802
674577,1950.4280463781433
675577,1118.5496461661708
675962,750.2625524835169
676962,1583.1208521260555
677962,554.3474979519274
678962,1925.5176629741159
679962,1952.8384443330965
680045,139.5367366431408
680413,568.0186634410945
680690,438.4969100020553
680942,381.54852453714744
681285,586.2873944464841
682285,679.1031080206639
682439,309.37003729822914
682789,740.9458472927391
683309,1002.7460388515462
683397,117.64835264644651
684397,1410.3134518477966
685397,1315.4434766043255
686023,1147.597432307413
687023,1740.4850170187453
688023,1875.957825835335
688152,272.0777327027143
688255,221.48531628682463
688351,222.17771196217257
688557,388.16318611507376
688602,105.67139358558501
688849,496.2924680365661
689058,325.30285564819206
690058,560.4335856637624
691058,1469.7881985386537
691285,448.00797503528577
692285,1206.9312766980458
692460,267.8297386246766
693460,306.3655109709664
694460,423.75019341429544
695460,2011.710160995381
696100,1301.4225023522677
696629,896.0873393098653
696958,525.1241090500845
697173,473.12190164785017
698173,984.2825907705374
699173,1697.793187277793
699555,629.5932758155417
699791,425.3823251110646
700791,1710.7175775969167
701791,1672.6710243522184
702791,1672.7631638797752
703791,1537.2603297509193
704791,831.6109450170952
705791,463.72007842622315
706791,1053.1808119993452
706914,256.30881718710623
707914,620.8786900739448
708914,611.296478129878
709016,111.2181974177531
709271,397.216966762537
709401,241.92728892908235
709456,90.8119978960023
710456,624.303914615672
711456,1795.201562368314
712456,1678.06221938866
713029,987.6176043122603
714029,1513.303168597677
715029,1005.4564274635251
716029,1641.6418842348135
717029,1567.0155227093526
718029,1742.6529572897518
719029,1233.2393060986085
720029,1119.5325928510756
720202,254.4322408842566
721202,670.5960606912804
721294,175.3200221489679
722294,1581.5501644464327
723294,1340.6844948109613
723762,754.9502530992556
724123,549.2455314123594
725028,1898.3777991185257
726028,517.5987059506452
726077,92.462265659324
726148,160.0057087160617
727148,924.2503779837529
727652,959.674766034305
727678,29.79082334743904
728678,662.7984689016159
729678,694.4283460391399
730678,754.8807697017944
731678,259.02353967560316
732058,742.8522706343385
732466,594.3465608358692
733466,793.3263985150085
734213,1202.790927948562
735213,557.4263904931298
735364,285.25164652639455
735445,214.20889828431518
735544,173.78477733304464
736544,971.0153430198939
736798,415.45153357556643
737798,946.6842946684184
738798,2025.3922774971365
739798,87.65711103222996
739847,119.95432120975468
740847,1557.292037829989
741188,703.369819291865
741347,373.0313351560157
742347,504.1697677952521
743347,2070.933387021708
744287,1731.138174378879
744323,61.52307920072535
744403,188.58774799450532
744440,60.33990675929553
745440,708.2494424011308
746440,1243.7488243121059
747440,1692.105979568325
748440,648.0616977644313
748465,44.80970691272681
748800,528.5026099380623
748950,278.08585264215594
749139,401.3721678497008
749173,52.17580356267627
750173,818.2968511714059
751173,1658.218414860194
752173,2068.4170983178883
753173,826.0814637626319
753508,584.6383610959415
753824,587.0678790513234
753870,43.61636310069669
754428,1090.954321724724
754569,225.17862070716006
754717,236.56763982243837
755717,649.8842138576653
756717,465.2153827608885
757717,644.4293070638895
757997,523.8624031884169
758997,1952.001380232641
759997,951.2142466993032
760997,626.0503553029714
761997,1720.3155011135357
762997,879.8537180450836
763009,2.898050161304888
764009,423.99881263517943
764267,432.07091712905674
764434,273.0249466595954
765434,536.4311167955265
766434,557.043434820173
766521,163.90261167587698
767521,2077.9790229637156
767583,129.95310745342024
767703,288.42923986071787
768703,1179.336534224415
769703,803.9563204479283
770703,943.965319577865
771022,620.0133054137589
772022,893.084927061642
773022,368.4759640192405
774022,840.521851857677
775022,1293.9378374158237
775070,65.13403804606092
775111,63.03817143049845
775599,1133.7989493223226
775678,149.56145300660683
775812,260.5768557560502
776812,1299.598240604434
777812,360.172847762307
777824,0.48618615461492354
778213,858.3615130073235
779213,578.9267506163916
779464,270.0736673821206
780464,641.7948211117543
781316,1925.6440363011766
781431,222.63270111573866
782431,1337.3123686506397
783431,811.7934560895376
783688,481.84066934000947
784688,412.8580868644585
785688,2399.3106258723833
786688,847.0571411729192
787688,1076.2650385215718
787774,202.75984725315578
788774,1600.3611426540806
789774,421.18001654177687
790774,713.2912050658286
790951,246.21052602327205
791118,308.5410107146093
792118,1850.773825086122
793118,725.2652161038868
794118,541.1842114049264
794222,175.42222400318616
795222,656.2277011633173
795261,50.29402561692538
796261,785.3932427882708
797261,1339.3221865861597
797963,1453.9188423464227
798255,619.4032916774149
798811,1161.5011466007422
799310,999.1749317915843
800310,1021.1520798337293
801310,505.05626387761214
802310,940.4977088816413
803310,-538.925866000733
803321,2.0354008335194282
804321,1160.5633714179933
804387,88.54131191880337
804408,29.197452079205647
804585,391.48240024652927
804955,840.1787051398946
805775,1717.5425037259943
806775,1107.1302104904953
807775,692.724137616038
808042,332.4130350925203
808215,368.2695613093219
808272,99.05778072832224
808530,202.8363605897779
808764,347.1010784551353
808772,-0.09628925355796092
809772,208.04949837376162
810772,375.5763360943722
811772,1165.4888690140608
812772,582.4800747405312
813772,839.2897886327954
813981,411.2120842822605
814981,958.230944780354
815280,643.7999175891708
815306,37.17752582898023
815364,142.1730869634505
816364,154.4046111745494
817364,439.57646639979737
817543,353.71750153838593
818543,563.8686565370471
819543,479.2185872084045
820169,1454.0360618934549
820380,445.83257664346866
821202,1721.3499971709894
822202,330.00585615348103
822239,73.46968397237043
823239,752.9125518851572
824239,224.1378017331937
824423,378.2434064218237
824837,946.176477034946
825060,554.3828682488306
826060,996.1143257616084
826135,158.57255710843742
826272,231.21674842471302
827272,433.04708665951983
828272,1453.2190809821448
829272,87.62805316430322
830272,894.1020219082808
830283,6.67520714875806
831283,502.9343850433324
832283,1701.2785877490792
833283,1881.5241458679325
834283,2022.3769934332222
835283,2389.9225273328784
836283,2146.307653761115
837283,1945.5308499091268
838283,646.1533617108465
838453,318.45642447705416
838592,255.25548577631764
839592,528.5791422784496
839603,-3.04298438464522
839714,176.15941611645087
839906,316.76165424430724
839978,149.77868836799001
840231,462.3952637707917
841231,1886.6872683923327
842068,1875.9073956489738
842123,94.4968740879849
842923,1580.0023417180046
843923,1220.2989275013833
844923,719.6240127993243
845871,2172.4809796135173
845881,-1.2914690594407
846212,688.301919089115
847212,2149.5710351561584
847222,3.0529832970783293
848222,825.4678663235865
848233,5.412832723994777
848277,57.81250196660774
848467,426.97497383056907
848612,333.656248970824
849612,359.1796959960171
849661,-6.075849504063422
849850,367.2721824005638
850850,2385.824605027333
851850,2565.0468278673366
852850,1583.202895352016
853850,1531.005048752111
854663,1535.7887889754932
855663,1714.8317404180195
855674,1.820780471144067
856674,1660.0451659358741
857674,2028.8258832779518
858674,940.9328437559411
859578,1363.67417720737
860578,1703.3139507531612
860847,313.51066210353986
860936,92.87042883246869
861302,699.4471061102537
861765,864.8858482769746
861775,-1.9947856865625766
862775,874.9749014404682
863202,975.5137806259421
863980,1656.3062461257987
864980,1180.159721628382
865980,1739.169568099915
866980,1377.2833309521382
867355,601.3865357692896
868355,1189.5721695036277
868829,1037.8600956008847
869829,2388.006779630016
870331,1202.7281716904477
870614,645.2161883907378
871614,545.5544715645193
871927,596.6353842107417
872112,476.36379176606545
872367,483.87968163120104
872474,264.09666036991354
872892,1104.2678316284398
873319,1106.6639935347923
873370,98.11362676379248
873531,419.6576544397016
873602,194.0035524532753
873769,444.61926633518135
873819,86.27975499111837
873953,293.3406631775275
874499,1361.1902295693417
875499,2010.599386562999
876035,1188.850612155547
877035,1362.976094127393
877693,1074.0499297165895
878693,2009.2525102911313
879693,1861.9609325396086
880693,2122.9441938231043
881693,1222.7838345650803
882275,1180.2920821687455
882385,285.5547597262292
882673,833.1968700240932
883673,738.8019898270035
884239,1180.6692615689503
885239,1207.139576382873
885372,264.8411582571916
886372,2243.659214464206
887372,2255.13233912913
887706,627.280767657963
887828,293.1875943263909
888828,1823.9160530766003
889828,1524.8913081428464
890828,1774.3048161865383
891828,1546.4611045158874
892828,1960.0360287603548
893409,1093.8319134776343
894409,1461.984763492575
895409,1771.9064931343282
896409,1712.9427020756525
896579,292.88024636715454
896750,261.8573678639903
896944,284.72003696607027
897110,266.9448258409642
897139,20.886232842874218
898139,1865.049811544461
899139,2162.1153945119263
900139,2116.252206791913
901139,437.5646383663228
902139,1035.0233042568898
903139,1909.3659108191032
904139,2086.998044230372
905139,978.0693602059981
905296,345.29883353421
905766,966.3316044314892
906766,694.3889140135187
907252,914.1637438748917
907557,683.8121057137407
908557,1068.7279269882647
908623,121.70359083655957
909078,1088.433725979754
910078,664.4455587923417
911078,655.7508540290595
912078,1304.817461370861
913028,2193.426121029329
914028,2227.3357334543243
915028,779.9954927199701
916028,1169.101753943932
917028,2373.484549610642
918028,2544.4309765744624
919028,2168.112198892236
920028,2064.198482377307
921028,2492.75393329895
922028,2315.4587807446856
922297,491.5831610751796
923297,882.3110673321054
923339,52.5112668939956
924286,2060.092497803718
925286,2064.726208509042
926207,1801.005509260683
926630,870.4379852835207
927048,823.77735045187
927343,428.2647456016392
928343,655.3028691610766
928592,381.748806983863
929592,856.5859325590978
930075,910.2843992167116
931075,925.3335661109994
932075,478.8516615187542
932188,264.13506274506886
933188,942.1543513678903
933426,532.817154865989
933482,79.93698472425326
933685,495.55101606588335
934685,819.8433906034339
935538,1846.4197499564634
936201,1477.9424654797645
936414,459.07668678203544
936425,9.269913029646096
936501,193.30565168345274
937501,695.5832823299883
938501,1049.5263654780358
939501,1213.4448218531272
940501,1922.7380623686329
941501,2272.2939999864275
942501,2266.0125255564694
942620,315.93862846252983
943620,782.5232665997738
944620,1176.3026373962741
944735,209.41714395071375
944777,73.21151640187503
945080,676.4072161314887
946080,737.7016430859903
946142,63.62254210032454
947142,1983.9785571570337
947321,352.8797888356063
948321,848.2669260847183
948597,464.125406463809
948679,139.3166643414152
949205,988.3179814324545
949277,118.94983203390171
949437,229.9495609439047
949672,439.22813771825304
950672,2056.2461064407507
951672,2242.3952582159673
952187,1170.4694213526611
953187,2521.7209532973657
954187,715.5599181483734
955187,1997.6654733993241
956051,1777.262405734928
956395,625.268075881871
957395,770.6792718670218
957599,412.7979269076419
958599,1974.5259876132855
959599,2333.5454961538694
959625,29.952783464909547
959681,108.11005559548917
960681,-182.7957261871867
961681,1861.4874780724092
962681,617.9198001477083
963535,1648.011693219948
964535,899.0880895903427
965535,1358.47154667689
966535,1587.1800941930433
967535,1847.861552171272
968535,2172.6081013402772
969535,2299.5246748337977
970535,1286.7648247201798
970615,139.10732847219197
971615,602.1194936979508
972615,431.2646552203853
973615,537.7330053369246
974615,795.2716931534356
975615,1230.0345777574457
976615,1004.221932887131
977615,1567.9361949351696
978615,2076.981308985628
979271,1208.94187941757
979803,1221.8364675366636
980803,276.1830306081492
981489,1455.7815495939508
981517,3.121604307663944
982517,1397.988997058349
983298,1280.888574551875
983795,781.2276818716797
984094,490.6850980007481
985077,2627.35732191856
986077,2570.884611682568
987077,2215.058760948773
987550,950.2413231856895
988277,1624.3024220940697
988356,172.05632623086697
988678,748.8763058181628
989678,514.7130749240628
990678,739.9049494860685
990702,45.120250066661484
991702,381.8858043139974
992082,755.5738148021741
993082,2330.4158791236864
993555,982.4778185133775
994555,2001.6517093298087
995555,2043.618846712854
996555,2298.72587188854
997555,1087.1292649844916
997917,811.3449500081381
998917,1313.734965056867
999917,1042.7254630455834
