step,episode_return
99900,-368.9996383968738
99900,-414.9787164613568
99900,-389.0836165790237
99900,-412.7847111373448
99900,-349.14026005629563
99900,-414.44362412323477
99900,-391.2066838836867
99900,-380.58954395483926
99900,-383.90195024628366
99900,-391.8233205187795
99900,-407.3404994772805
99900,-364.4740276295866
99900,-395.01286656692645
99900,-386.46952392151843
99900,-367.72437146983003
99900,-385.6304592202197
99900,-413.9901697388133
99900,-396.86366155247936
99900,-403.7108480869259
99900,-396.5854017097114
99900,-286.2328445073735
99900,-373.5887911447317
99900,-387.89422879900735
99900,-401.27677414053807
99900,-407.97508847067724
99900,-383.80311994548197
99900,-376.8989592408645
99900,-375.5652344073667
99900,-398.1880445223826
99900,-385.8844400901399
99900,-399.5205168454427
99900,-398.7555006298736
99900,-376.5881181847341
99900,-377.596753601728
99900,-381.76714401587196
99900,-405.88257225696964
99900,-376.1109383206564
99900,-353.89841766466236
99900,-349.5979346687795
99900,-345.15284608283775
99900,-404.3806286360782
99900,-422.0300951127291
99900,-376.34198087113003
99900,-380.05021641567953
99900,-396.0802267506404
99900,-357.99136638762593
99900,-391.62946168780405
99900,-357.41244783607505
99900,-394.3237544197275
99900,-368.9285580305519
99900,-395.06735781332003
99900,-300.88535257488627
99900,-420.80423487449923
99900,-375.3765101171191
99900,-398.790534983182
99900,-409.7249165558773
99900,-392.1314068897683
99900,-376.3394904297357
99900,-400.88886990505745
99900,-388.62827661186435
99900,-436.83480217122474
99900,-388.2414710885416
99900,-409.8838219556561
99900,-394.1361443500454
99900,-395.3484913004656
99900,-401.93131444453735
99900,-350.75102614812937
99900,-410.03087129755284
99900,-395.9613304872687
99900,-351.94824626689496
99900,-387.420271651715
99900,-428.2364639103588
99900,-414.70215734506064
99900,-390.14808477921974
99900,-382.9372586230484
99900,-369.8606439129831
99900,-399.2348827952653
99900,-391.9574039317419
99900,-379.4138750930449
99900,-409.6383180859503
99900,-405.4622719093116
99900,-377.53203363206455
99900,-458.9916435794586
99900,-361.8006844933487
99900,-371.4696799464481
99900,-358.70087515324747
99900,-305.9858879323796
99900,-387.97294211397474
99900,-399.38575204902116
99900,-399.10467981268334
99900,-412.9349213122165
99900,-394.27501409157765
99900,-362.9735340478925
99900,-373.9154536851925
99900,-366.03763904477023
99900,-435.1630842935158
99900,-399.09671889983855
99900,-364.0367448822267
99900,-416.8903556869311
99900,-402.93552088331757
200000,564.5148363311324
200000,468.1013594943772
200000,520.9384751018782
200000,428.22672241614924
200000,456.2893666613682
200000,481.0156558590455
200000,431.51232816137815
200000,411.9784778593014
200000,402.7478914341242
200000,556.6363023447283
200000,515.6437555933642
200000,462.75888365067283
200000,454.191758139905
200000,454.2659511544217
200000,577.1301598218579
200000,517.263454042829
200000,429.43274160385715
200000,440.3102899786643
200000,489.9815494399035
200000,387.9596830202205
200000,501.8986112139187
200000,446.1077748027215
200000,467.89973635828454
200000,568.9758364471852
200000,442.4102998265631
200000,486.5441941543424
200000,464.01271734434664
200000,581.7624446251482
200000,428.7141586203151
200000,497.8858953395215
200000,550.808573134505
200000,500.58089193539934
200000,501.33702713762204
200000,474.60164260549755
200000,544.308072604722
200000,444.6299914665885
200000,518.4039363937594
200000,444.34818643551057
200000,519.8717543650816
200000,441.11590482680157
200000,458.892172505668
200000,418.0335221755936
200000,536.0849516816505
200000,479.24197281853446
200000,513.0343306140107
200000,457.0303095512646
200000,446.58373568781985
200000,420.05326466382326
200000,486.57909265656394
200000,395.12053167782585
200000,589.582600302356
200000,518.2873990231816
200000,502.3240113801272
200000,443.75010527594816
200000,431.07819717260827
200000,565.6774566141909
200000,579.1357273866566
200000,493.8319555879084
200000,498.34339713965596
200000,396.70641966988387
200000,383.704618672495
200000,523.890690564341
200000,561.5840049955721
200000,497.98216231966484
200000,464.62260235478277
200000,427.3706165856564
200000,530.5843422645567
200000,356.6642007178494
200000,491.4011711799045
200000,518.2433910306572
200000,522.6080583481058
200000,543.8156136883002
200000,370.96601102866384
200000,392.712514580164
200000,535.0128914557417
200000,551.132383935966
200000,442.8091082283779
200000,515.6828470539326
200000,509.95012824203235
200000,493.35678734083876
200000,516.3073237984124
200000,574.6536098443723
200000,399.63642431889446
200000,474.4976810577082
200000,424.72751865487055
200000,511.96199564981816
200000,512.099540481461
200000,418.8676040244332
200000,519.9049326602504
200000,474.0187039549288
200000,471.5264171590291
200000,480.9102524082227
200000,496.70738208131763
200000,453.56947400858724
200000,520.9538241248501
200000,463.49700237711716
200000,506.3843439339046
200000,446.09271872752674
200000,449.2882913222067
200000,432.99256634650965
300100,795.5559835334222
300100,996.43318587253
300100,911.1008384987288
300100,866.1924658211509
300100,958.5961043052848
300100,967.9185303443791
300100,934.1168936150798
300100,918.304472122644
300100,939.4939093874657
300100,952.7534483690539
300100,927.6734877963813
300100,928.4856788098032
300100,743.5043861348843
300100,953.9606654570566
300100,932.6713780802936
300100,881.7723577262561
300100,912.4888025008297
300100,775.0865346459625
300100,956.6140478843067
300100,939.3204887631571
300100,880.673167441998
300100,860.8940221119481
300100,846.0109421179434
300100,943.4073162340721
300100,931.4584399903532
300100,848.5944040305333
300100,957.5223844561929
300100,1007.1382877861315
300100,933.6922969668069
300100,994.2311827981023
300100,762.4494349755224
300100,831.7077118903078
300100,927.0928428002464
300100,895.4462147311629
300100,975.9940191281075
300100,926.0939308457289
300100,866.322611269643
300100,890.0220758472526
300100,905.9381678245395
300100,932.1625879554406
300100,932.1272257410149
300100,892.0457417959923
300100,840.603640779035
300100,977.1790553907367
300100,984.0482051079114
300100,831.1903904989988
300100,814.440198222022
300100,857.9078308090975
300100,955.703074274528
300100,965.2295463669225
300100,986.8609460922482
300100,872.8520750168404
300100,955.2612324823364
300100,1065.4679002152277
300100,947.8480873670187
300100,920.6558904315369
300100,950.6105514228123
300100,840.8997870117553
300100,941.6756173345054
300100,1004.6069946396095
300100,978.3119430629301
300100,1058.7850465082195
300100,888.3053402156054
300100,881.0371572107849
300100,919.5858923713199
300100,974.1711095091019
300100,932.9039095350913
300100,942.4938659900463
300100,896.0418521173372
300100,963.0144369403101
300100,865.2259709988358
300100,657.7037358389554
300100,912.8342447178914
300100,949.9998854551686
300100,1000.9923277409247
300100,972.4024148635597
300100,926.0573889441673
300100,977.0726910967717
300100,948.1283305835141
300100,1037.5601742133126
300100,873.0337384262568
300100,916.3481569266519
300100,919.0209225223118
300100,996.3534935509376
300100,917.5112926172104
300100,952.231741457503
300100,930.3378332873872
300100,889.7890226385338
300100,931.5235404195794
300100,908.7605702583387
300100,878.999186121776
300100,1059.3147237619257
300100,1029.2711160450017
300100,874.5270760300796
300100,1018.8627765288668
300100,1005.3717654250711
300100,920.9472632246877
300100,833.3539481946472
300100,973.2029946114365
300100,1008.7102452158916
400200,971.6477622540835
400200,965.9618835839013
400200,1176.8787097407776
400200,1035.777777375957
400200,1372.3551169480072
400200,1018.0997391012324
400200,1026.3108384253935
400200,1182.5607522432008
400200,1079.3619955732943
400200,983.6784199313588
400200,1205.5604765767596
400200,1221.7154372618647
400200,1206.615277076665
400200,1053.2116171358466
400200,1048.4125000894649
400200,1130.993466767066
400200,1051.144150904442
400200,1018.4373321456844
400200,1238.1084694399306
400200,1171.209522515769
400200,1029.7434310243525
400200,1261.434492223283
400200,986.2244076827861
400200,1078.041423853083
400200,1108.9184148113934
400200,1183.6316256489908
400200,1146.8534009723992
400200,1067.9005663015787
400200,1012.9786870032319
400200,1031.7308332427783
400200,1097.727652241304
400200,1051.0355683273099
400200,1062.2082504289697
400200,1028.047234240545
400200,1041.8170342202677
400200,1152.5391426462324
400200,1137.443716734733
400200,1020.319790891118
400200,1082.276000215863
400200,1029.0234729340873
400200,1019.5034416292581
400200,994.0207252123421
400200,1083.7452830544578
400200,1023.5897623876263
400200,1215.5293355980164
400200,1051.7801977863248
400200,1032.2067436935415
400200,1087.6382303414152
400200,1169.5850613679897
400200,1182.0063297461588
400200,1309.2108066167652
400200,1170.2865990899597
400200,1012.6480727183296
400200,1090.8295786743943
400200,1126.1378945625881
400200,1118.1207878673565
400200,1049.1484626366264
400200,1012.790740648998
400200,1106.1465510297412
400200,1084.4338663242709
400200,1110.9964585493362
400200,1004.9682654683927
400200,1079.9332863355426
400200,1124.022009278292
400200,953.3264713505173
400200,1083.1102311217046
400200,1115.756496184868
400200,1145.7968503097109
400200,1174.601666818958
400200,1060.3560816562444
400200,1007.2911087729484
400200,1034.09107041636
400200,1082.946913206802
400200,1011.2167033248521
400200,1095.2125767303935
400200,1137.3346289205065
400200,1041.4788671311119
400200,984.7072197497016
400200,1047.0738911010478
400200,1040.6643837590543
400200,961.6289947525745
400200,1052.106155525733
400200,1083.882696657547
400200,1000.5384708696934
400200,1104.3116584991128
400200,1068.317245120792
400200,1196.3504491074868
400200,1001.1010066882088
400200,1176.6502160351833
400200,1284.0490546356875
400200,1073.3316323407694
400200,1078.7465830965198
400200,1051.9222895932903
400200,1080.8181291299945
400200,1243.688707320823
400200,1037.6323618830766
400200,1032.3438802273183
400200,1193.5286244152112
400200,1114.6463736443327
400200,1086.7126281683807
500300,1572.8353124464084
500300,1304.8969771920574
500300,1270.56514172887
500300,1259.1995507543304
500300,1031.4466997572035
500300,1008.8176042653084
500300,1244.2363030044608
500300,1329.8847938333722
500300,1167.4013443115261
500300,1410.8060955144842
500300,1201.2463962826755
500300,1155.6105289040497
500300,1271.6614026774155
500300,1239.3981634188956
500300,1139.5884332071262
500300,1233.5723468515093
500300,1064.3232524789496
500300,1084.0852087825344
500300,1155.6071640290309
500300,1215.1361106120653
500300,1268.913457724779
500300,986.5951148199044
500300,1010.5390166759482
500300,1276.3618839362975
500300,1534.8349043043095
500300,1150.779171739793
500300,1539.3452252320283
500300,1330.4573459915869
500300,1099.325893160562
500300,1029.3941107576811
500300,1100.8684251308334
500300,1125.292167365375
500300,1216.0374742142444
500300,1097.9969842826572
500300,1143.0440528260574
500300,1119.6703012441467
500300,1067.466333613638
500300,1328.5969004401768
500300,1152.7504293836453
500300,1153.9407943180497
500300,1277.7670424520272
500300,1223.5550869026442
500300,1239.782735836854
500300,1134.7322340683322
500300,1448.528249262935
500300,1169.4117408796365
500300,1356.775041281945
500300,1155.5817887448898
500300,1383.626941485454
500300,1262.4751787026673
500300,1204.5237572319043
500300,1034.206114458523
500300,1293.0362366845804
500300,1145.0678187647484
500300,1096.6722169579991
500300,1092.3157901696784
500300,1076.1677954501542
500300,1508.1434903507554
500300,1291.888569991685
500300,1199.8284398631672
500300,1137.7922770176037
500300,1437.7538986310287
500300,1079.1624667419937
500300,1332.169550695628
500300,1117.174444374347
500300,1223.0093852945602
500300,1196.9240922804945
500300,1912.809836660559
500300,1291.0479357821284
500300,1083.2671306626273
500300,1051.3561826719592
500300,1060.509773748951
500300,1028.408609785927
500300,-261.13454802916516
500300,1106.9275885423715
500300,1058.4035057988476
500300,1120.510194354421
500300,1127.8850600621995
500300,1230.2514613582587
500300,1126.048653720024
500300,1071.3640200402
500300,1479.4774159579756
500300,1590.4615415908083
500300,1288.0109431011833
500300,1159.8785029878786
500300,1181.1276688582739
500300,1010.0763896351278
500300,1297.553952160557
500300,1190.2417490195462
500300,1136.8820211229033
500300,1177.360435250098
500300,979.9143356710644
500300,1273.8886007679866
500300,1476.9700286477423
500300,1239.8718455142678
500300,1027.912524667035
500300,1279.5494335921219
500300,1151.6227866584318
500300,512.40544519835
500300,1056.0130263474703
600400,1439.4543040214708
600400,1787.0897341037817
600400,1860.32117924671
600400,1704.4381491183456
600400,2346.8319904498803
600400,2097.675832548536
600400,1548.9694076513442
600400,1587.6742579092252
600400,1311.0199235562204
600400,2986.9161608055515
600400,1241.168845062488
600400,1194.190906691173
600400,1379.995925406076
600400,2864.0396212618757
600400,1944.2768597831973
600400,1149.0633194159664
600400,2513.3960666922494
600400,2724.561072529865
600400,1244.7751775155416
600400,1646.3089796215138
600400,1150.9815374758537
600400,2819.0864673061897
600400,2761.9598879914074
600400,1231.1953040275123
600400,1251.8880241777897
600400,1784.6753723627703
600400,1819.2631886427262
600400,1425.5748531091451
600400,2790.690802887918
600400,1572.2351613898531
600400,1824.4117818721106
600400,2329.0844756847937
600400,1322.3558750112031
600400,1281.470547618382
600400,2209.293611569139
600400,1317.3176657893268
600400,2865.3391428304453
600400,1222.9732737253196
600400,2029.946504997307
600400,1345.4607621120426
600400,2572.859534258335
600400,2446.0502151393084
600400,2550.5938133288614
600400,1375.0622489482157
600400,2672.771657232108
600400,1228.3914467051218
600400,2639.353946192835
600400,1045.9924293010708
600400,2776.220536743018
600400,2751.610762110597
600400,1398.6027614669015
600400,1065.3852661270096
600400,1465.2679118300503
600400,1347.8446141090042
600400,2264.59677355298
600400,1719.6728829412607
600400,1388.1766981697585
600400,1510.1795600685753
600400,3171.972395931417
600400,1656.6584939230015
600400,1581.5859213111253
600400,1211.98938196837
600400,1485.1016880996942
600400,2739.0475786552443
600400,1331.1989750468292
600400,2390.2469130723944
600400,2462.4848200462006
600400,2756.136060098897
600400,1086.387515455231
600400,1644.733729017358
600400,2469.5732055565973
600400,1821.3990937830295
600400,2295.387951388694
600400,2157.8880655550674
600400,1789.4901590541929
600400,1786.3976059551333
600400,1390.9248921431572
600400,1217.3824609486564
600400,2046.823996103681
600400,1166.605479490383
600400,2256.7480124808058
600400,1286.3938073069937
600400,1261.2485817544225
600400,1120.62978243821
600400,1603.6145402447246
600400,305.0078264102732
600400,-422.90886483778905
600400,1635.4242408840691
600400,1442.2930924730658
600400,1981.5899263439183
600400,1736.020644406618
600400,1135.8846261078224
600400,1224.6698275301733
600400,2234.4423742088284
600400,1246.5768598193208
600400,1280.8954295301128
600400,1131.0968025248185
600400,1203.3069745101984
600400,1414.7335215269745
600400,1236.2982743277414
700500,1508.3116792575693
700500,3374.987116853181
700500,1381.807708551023
700500,1484.4645064471333
700500,1556.3417546182668
700500,2582.415553263586
700500,1566.0014198757392
700500,2060.658590360286
700500,1615.5872784108483
700500,2432.8068868412183
700500,2568.835523043852
700500,2352.1264471507275
700500,2148.9601155558867
700500,1377.768305228789
700500,1474.6247310180777
700500,3301.676065657701
700500,1335.4015142031972
700500,2272.4365647658124
700500,3416.4653691070857
700500,3368.3437655338635
700500,3331.786324617462
700500,3461.8787923506693
700500,1216.5965333026568
700500,1247.0093992072416
700500,1666.386372778438
700500,2124.7784961968528
700500,3006.0033790715693
700500,1955.8671425609082
700500,1904.1498261972704
700500,2892.716128873209
700500,3211.028400465086
700500,1317.8254618479955
700500,3337.0695704035224
700500,1840.1119779174476
700500,3210.6227776176956
700500,2955.4945373231753
700500,3576.4854792890083
700500,1610.5920581278572
700500,3297.5550973605878
700500,1980.2250879660555
700500,1326.7139781567728
700500,1416.5416211047777
700500,3215.878853782399
700500,2904.907602806349
700500,1930.5286952712422
700500,1758.679335522046
700500,3072.761561064618
700500,1590.2184025202616
700500,3776.4567137930035
700500,3210.8304853153145
700500,3509.726229821544
700500,1278.4475708222985
700500,1979.6819628808175
700500,2092.3062463900073
700500,3406.410495100984
700500,2765.2740346949176
700500,1235.0627179574126
700500,2995.731331506975
700500,2038.8473213864336
700500,3334.7739492096725
700500,1458.3254652403966
700500,1817.1773099950594
700500,-507.37088654912645
700500,1579.0708390265263
700500,1967.0530969082722
700500,1558.166399605747
700500,3428.348384703406
700500,1309.2175747041701
700500,3571.0800205049914
700500,3674.2698653636558
700500,1452.3391053645298
700500,1536.3081747542349
700500,3453.2711933520122
700500,1770.4599922855032
700500,3511.592972863731
700500,1522.972135241826
700500,3394.7737688113148
700500,3153.2961159087463
700500,2120.5173059103054
700500,2361.008507021226
700500,2055.894197667833
700500,3625.6352452623682
700500,3392.3652847523917
700500,3416.138294612032
700500,1667.8453616879613
700500,1603.6827991003297
700500,2881.2668736425103
700500,3209.327662695123
700500,3470.538609195246
700500,3203.3035305051453
700500,1938.3436058849443
700500,3134.37425431062
700500,3307.0200317626536
700500,2641.7203936152036
700500,1527.9153401434799
700500,3454.791856967106
700500,2221.5881268976423
700500,1776.325279527876
700500,3307.0918782492445
700500,1614.654456589143
800600,3746.3194173863058
800600,2000.4981737903386
800600,4095.1614043811455
800600,1991.3804424322266
800600,3968.958179004199
800600,3884.0933651857154
800600,4215.1899272409955
800600,3653.813944189514
800600,4081.364204596286
800600,3798.741355568138
800600,1818.5984356795989
800600,3781.8954719066196
800600,4286.635208846124
800600,2385.57390054862
800600,3821.017952642931
800600,3169.5546019958692
800600,2718.7634073878426
800600,3857.847876923934
800600,2919.480396469236
800600,3945.1855271806353
800600,3713.7028588987478
800600,3829.0406340816976
800600,4019.674370416501
800600,2048.4583581052766
800600,1994.906615970531
800600,3011.0726050057515
800600,3670.9839421427914
800600,2978.5399780800253
800600,4344.507356274839
800600,3076.904588645606
800600,4043.3019915185505
800600,3845.938300614665
800600,4161.810015621666
800600,3915.881401639999
800600,3935.4883002522433
800600,1251.2409447294997
800600,3993.4833258254635
800600,3782.1987489827256
800600,4125.571254982319
800600,2043.6940500879468
800600,3936.6974713286154
800600,4068.927047787405
800600,3852.5458434426723
800600,3819.6397454345283
800600,4018.758313360641
800600,1693.6130148827488
800600,3244.9334717786196
800600,3819.226588290731
800600,3938.732465725068
800600,4103.3250312372065
800600,3903.665863344436
800600,3443.646105504449
800600,4000.2609218026064
800600,3753.645186111672
800600,4186.417019985835
800600,3749.4446491521257
800600,3982.0345372730985
800600,4091.7177588610193
800600,2768.177075601143
800600,3744.4667764418523
800600,3832.163421470638
800600,3928.959770432718
800600,3690.3215356244095
800600,4018.092778634247
800600,3819.6328915137774
800600,3855.979984838367
800600,3894.2795405292854
800600,3822.516374877378
800600,3033.072425137615
800600,3904.78859283786
800600,3872.5798871249303
800600,1928.9220630505984
800600,3851.9864003810744
800600,4023.9129525727544
800600,4044.233310419572
800600,4094.1683343375717
800600,3715.7731348844295
800600,4092.799304709067
800600,3788.2079028286166
800600,2003.6985301557338
800600,3740.0263605333553
800600,3808.625717956377
800600,3905.9354658152847
800600,3853.6013230026974
800600,3745.1772221341307
800600,3983.421902453286
800600,4185.741625773899
800600,2678.7016284179153
800600,3111.0049953121907
800600,3867.5813835104022
800600,4009.639991133301
800600,4017.987671476212
800600,3862.7507331105185
800600,4082.4079321923728
800600,3879.528612094879
800600,2187.74567047139
800600,2777.0981078573022
800600,4065.36300220889
800600,4037.7068115300617
800600,3895.7089326357236
900700,4567.9655441899795
900700,4341.657031060302
900700,4174.2793999232645
900700,4432.970902121392
900700,2632.8382557239165
900700,4259.703116041675
900700,2838.522477764425
900700,4237.263960561155
900700,4272.63820424581
900700,4544.528374163765
900700,1458.2702290927605
900700,4197.050968025278
900700,4341.025237316196
900700,2759.7719293192376
900700,4559.294135892421
900700,4675.054480004204
900700,4446.059217993829
900700,4433.426861313115
900700,4691.785428106293
900700,4178.239597617997
900700,2798.7253449623113
900700,4362.221659895358
900700,4201.037349181371
900700,4265.580137889664
900700,4645.66584982009
900700,4268.392916162286
900700,4004.19575218942
900700,1210.2842721774682
900700,4324.870820259188
900700,1824.2086478673164
900700,4141.031118043494
900700,4371.059551427739
900700,4359.20602510112
900700,4410.31375003861
900700,4183.316157771787
900700,4261.098046268074
900700,4393.789771475604
900700,2230.05386763271
900700,4451.900036124198
900700,4284.219742576346
900700,4291.290369811552
900700,2032.789106828709
900700,4364.519527269253
900700,2019.7799058247317
900700,4571.701444398953
900700,4110.958331951607
900700,4249.965073599074
900700,4324.824500680612
900700,4447.933159409676
900700,4711.171994653747
900700,4099.792887126911
900700,4609.612303584225
900700,4516.8691159227155
900700,4626.222175940804
900700,4076.793861289579
900700,4161.103191553296
900700,4319.895283749489
900700,4472.18190569933
900700,4267.395957920676
900700,4393.996243857337
900700,4481.361824645952
900700,4528.839631908988
900700,2871.254659619399
900700,4351.084466466248
900700,2354.216320266638
900700,4326.376321042737
900700,4242.5109280355755
900700,4163.075694475602
900700,4830.605939512448
900700,4245.416007651173
900700,4576.266569071078
900700,4255.061832226673
900700,4635.428334629707
900700,4539.848250948909
900700,4309.219759502032
900700,4481.255476347022
900700,4437.038883070359
900700,2698.203437310517
900700,1951.4938632651267
900700,4720.906006040519
900700,4330.944047230374
900700,4370.402939691022
900700,1466.6755352322307
900700,2467.7811754250015
900700,4502.538398315355
900700,4426.070784682139
900700,4772.298317534147
900700,4234.40696624747
900700,4193.648117001921
900700,4038.842623806927
900700,1812.2749140818783
900700,4384.792292473628
900700,4459.380430660106
900700,3951.78180989468
900700,4702.427336914193
900700,4473.667820090061
900700,2841.894615713585
900700,4638.819948151746
900700,2068.440777905025
900700,4135.047210801689
